vendor,item_name,size,category,material_class,unit,source_file,notes,price,price_basis
ASG,All-Sided Mirror,#0,glass,tumbled_terrazzo,,ASG Retail Price List JAN-22.pdf,,,
ASG,All-Sided Mirror,#0,glass,tumbled_terrazzo,10lb bag,ASG Retail Price List JAN-22.pdf,Parsed from tumbled terrazzo glass sheet,97.8,10lb bag
ASG,All-Sided Mirror,#0,glass,tumbled_terrazzo,1lb bag,ASG Retail Price List JAN-22.pdf,Parsed from tumbled terrazzo glass sheet,15.64,1lb bag
ASG,All-Sided Mirror,#0,glass,tumbled_terrazzo,25lb bag,ASG Retail Price List JAN-22.pdf,Parsed from tumbled terrazzo glass sheet,226.5,25lb bag
ASG,All-Sided Mirror,#0,glass,tumbled_terrazzo,50lb bag,ASG Retail Price List JAN-22.pdf,Parsed from tumbled terrazzo glass sheet,416.5,50lb bag
ASG,All-Sided Mirror,#0,glass,tumbled_terrazzo,5lb bag,ASG Retail Price List JAN-22.pdf,Parsed from tumbled terrazzo glass sheet,52.5,5lb bag
ASG,All-Sided Mirror,#00,glass,tumbled_terrazzo,,ASG Retail Price List JAN-22.pdf,,,
ASG,All-Sided Mirror,#1,glass,tumbled_terrazzo,,ASG Retail Price List JAN-22.pdf,,,
ASG,All-Sided Mirror,#1,glass,tumbled_terrazzo,10lb bag,ASG Retail Price List JAN-22.pdf,Parsed from tumbled terrazzo glass sheet,97.8,10lb bag
ASG,All-Sided Mirror,#1,glass,tumbled_terrazzo,1lb bag,ASG Retail Price List JAN-22.pdf,Parsed from tumbled terrazzo glass sheet,15.64,1lb bag
ASG,All-Sided Mirror,#1,glass,tumbled_terrazzo,25lb bag,ASG Retail Price List JAN-22.pdf,Parsed from tumbled terrazzo glass sheet,226.5,25lb bag
ASG,All-Sided Mirror,#1,glass,tumbled_terrazzo,50lb bag,ASG Retail Price List JAN-22.pdf,Parsed from tumbled terrazzo glass sheet,416.5,50lb bag
ASG,All-Sided Mirror,#1,glass,tumbled_terrazzo,5lb bag,ASG Retail Price List JAN-22.pdf,Parsed from tumbled terrazzo glass sheet,52.5,5lb bag
ASG,All-Sided Mirror,#2,glass,tumbled_terrazzo,,ASG Retail Price List JAN-22.pdf,,,
ASG,All-Sided Mirror,#2,glass,tumbled_terrazzo,10lb bag,ASG Retail Price List JAN-22.pdf,Parsed from tumbled terrazzo glass sheet,97.8,10lb bag
ASG,All-Sided Mirror,#2,glass,tumbled_terrazzo,1lb bag,ASG Retail Price List JAN-22.pdf,Parsed from tumbled terrazzo glass sheet,15.64,1lb bag
ASG,All-Sided Mirror,#2,glass,tumbled_terrazzo,25lb bag,ASG Retail Price List JAN-22.pdf,Parsed from tumbled terrazzo glass sheet,226.5,25lb bag
ASG,All-Sided Mirror,#2,glass,tumbled_terrazzo,50lb bag,ASG Retail Price List JAN-22.pdf,Parsed from tumbled terrazzo glass sheet,416.5,50lb bag
ASG,All-Sided Mirror,#2,glass,tumbled_terrazzo,5lb bag,ASG Retail Price List JAN-22.pdf,Parsed from tumbled terrazzo glass sheet,52.5,5lb bag
ASG,All-Sided Mirror,#3,glass,tumbled_terrazzo,,ASG Retail Price List JAN-22.pdf,,,
ASG,Amber Brown,#0,glass,tumbled_terrazzo,,ASG Retail Price List JAN-22.pdf,,,
ASG,Amber Brown,#0,glass,tumbled_terrazzo,10lb bag,ASG Retail Price List JAN-22.pdf,Parsed from tumbled terrazzo glass sheet,36.4,10lb bag
ASG,Amber Brown,#0,glass,tumbled_terrazzo,1lb bag,ASG Retail Price List JAN-22.pdf,Parsed from tumbled terrazzo glass sheet,5.19,1lb bag
ASG,Amber Brown,#0,glass,tumbled_terrazzo,25lb bag,ASG Retail Price List JAN-22.pdf,Parsed from tumbled terrazzo glass sheet,78.25,25lb bag
ASG,Amber Brown,#0,glass,tumbled_terrazzo,50lb bag,ASG Retail Price List JAN-22.pdf,Parsed from tumbled terrazzo glass sheet,130.5,50lb bag
ASG,Amber Brown,#0,glass,tumbled_terrazzo,5lb bag,ASG Retail Price List JAN-22.pdf,Parsed from tumbled terrazzo glass sheet,20.8,5lb bag
ASG,Amber Brown,#00,glass,tumbled_terrazzo,,ASG Retail Price List JAN-22.pdf,,,
ASG,Amber Brown,#1,glass,tumbled_terrazzo,,ASG Retail Price List JAN-22.pdf,,,
ASG,Amber Brown,#1,glass,tumbled_terrazzo,10lb bag,ASG Retail Price List JAN-22.pdf,Parsed from tumbled terrazzo glass sheet,36.4,10lb bag
ASG,Amber Brown,#1,glass,tumbled_terrazzo,1lb bag,ASG Retail Price List JAN-22.pdf,Parsed from tumbled terrazzo glass sheet,5.19,1lb bag
ASG,Amber Brown,#1,glass,tumbled_terrazzo,25lb bag,ASG Retail Price List JAN-22.pdf,Parsed from tumbled terrazzo glass sheet,78.25,25lb bag
ASG,Amber Brown,#1,glass,tumbled_terrazzo,50lb bag,ASG Retail Price List JAN-22.pdf,Parsed from tumbled terrazzo glass sheet,130.5,50lb bag
ASG,Amber Brown,#1,glass,tumbled_terrazzo,5lb bag,ASG Retail Price List JAN-22.pdf,Parsed from tumbled terrazzo glass sheet,20.8,5lb bag
ASG,Amber Brown,#2,glass,tumbled_terrazzo,,ASG Retail Price List JAN-22.pdf,,,
ASG,Amber Brown,#2,glass,tumbled_terrazzo,10lb bag,ASG Retail Price List JAN-22.pdf,Parsed from tumbled terrazzo glass sheet,36.4,10lb bag
ASG,Amber Brown,#2,glass,tumbled_terrazzo,1lb bag,ASG Retail Price List JAN-22.pdf,Parsed from tumbled terrazzo glass sheet,5.19,1lb bag
ASG,Amber Brown,#2,glass,tumbled_terrazzo,25lb bag,ASG Retail Price List JAN-22.pdf,Parsed from tumbled terrazzo glass sheet,78.25,25lb bag
ASG,Amber Brown,#2,glass,tumbled_terrazzo,50lb bag,ASG Retail Price List JAN-22.pdf,Parsed from tumbled terrazzo glass sheet,130.5,50lb bag
ASG,Amber Brown,#2,glass,tumbled_terrazzo,5lb bag,ASG Retail Price List JAN-22.pdf,Parsed from tumbled terrazzo glass sheet,20.8,5lb bag
ASG,Amber Brown,#3,glass,tumbled_terrazzo,,ASG Retail Price List JAN-22.pdf,,,
ASG,Amber Brown,#3,glass,tumbled_terrazzo,10lb bag,ASG Retail Price List JAN-22.pdf,Parsed from tumbled terrazzo glass sheet,36.4,10lb bag
ASG,Amber Brown,#3,glass,tumbled_terrazzo,1lb bag,ASG Retail Price List JAN-22.pdf,Parsed from tumbled terrazzo glass sheet,5.19,1lb bag
ASG,Amber Brown,#3,glass,tumbled_terrazzo,25lb bag,ASG Retail Price List JAN-22.pdf,Parsed from tumbled terrazzo glass sheet,78.25,25lb bag
ASG,Amber Brown,#3,glass,tumbled_terrazzo,50lb bag,ASG Retail Price List JAN-22.pdf,Parsed from tumbled terrazzo glass sheet,130.5,50lb bag
ASG,Amber Brown,#3,glass,tumbled_terrazzo,5lb bag,ASG Retail Price List JAN-22.pdf,Parsed from tumbled terrazzo glass sheet,20.8,5lb bag
ASG,Azure Mist,#1,glass,bean_pebble,,ASG Retail Price List JAN-22.pdf,,,
ASG,Azure Mist,#2,glass,bean_pebble,,ASG Retail Price List JAN-22.pdf,,,
ASG,Azure Mist,#3,glass,bean_pebble,,ASG Retail Price List JAN-22.pdf,,,
ASG,Azure Mist,Medium,glass,bean_pebble,,ASG Retail Price List JAN-22.pdf,,,
ASG,Black,#0,glass,tumbled_terrazzo,,ASG Retail Price List JAN-22.pdf,,,
ASG,Black,#0,glass,tumbled_terrazzo,10lb bag,ASG Retail Price List JAN-22.pdf,Parsed from tumbled terrazzo glass sheet,36.4,10lb bag
ASG,Black,#0,glass,tumbled_terrazzo,1lb bag,ASG Retail Price List JAN-22.pdf,Parsed from tumbled terrazzo glass sheet,5.19,1lb bag
ASG,Black,#0,glass,tumbled_terrazzo,25lb bag,ASG Retail Price List JAN-22.pdf,Parsed from tumbled terrazzo glass sheet,78.25,25lb bag
ASG,Black,#0,glass,tumbled_terrazzo,50lb bag,ASG Retail Price List JAN-22.pdf,Parsed from tumbled terrazzo glass sheet,130.5,50lb bag
ASG,Black,#0,glass,tumbled_terrazzo,5lb bag,ASG Retail Price List JAN-22.pdf,Parsed from tumbled terrazzo glass sheet,20.8,5lb bag
ASG,Black,#00,glass,tumbled_terrazzo,,ASG Retail Price List JAN-22.pdf,,,
ASG,Black,#1,glass,tumbled_terrazzo,,ASG Retail Price List JAN-22.pdf,,,
ASG,Black,#1,glass,tumbled_terrazzo,10lb bag,ASG Retail Price List JAN-22.pdf,Parsed from tumbled terrazzo glass sheet,36.4,10lb bag
ASG,Black,#1,glass,tumbled_terrazzo,1lb bag,ASG Retail Price List JAN-22.pdf,Parsed from tumbled terrazzo glass sheet,5.19,1lb bag
ASG,Black,#1,glass,tumbled_terrazzo,25lb bag,ASG Retail Price List JAN-22.pdf,Parsed from tumbled terrazzo glass sheet,78.25,25lb bag
ASG,Black,#1,glass,tumbled_terrazzo,50lb bag,ASG Retail Price List JAN-22.pdf,Parsed from tumbled terrazzo glass sheet,130.5,50lb bag
ASG,Black,#1,glass,tumbled_terrazzo,5lb bag,ASG Retail Price List JAN-22.pdf,Parsed from tumbled terrazzo glass sheet,20.8,5lb bag
ASG,Black,#2,glass,tumbled_terrazzo,,ASG Retail Price List JAN-22.pdf,,,
ASG,Black,#2,glass,tumbled_terrazzo,10lb bag,ASG Retail Price List JAN-22.pdf,Parsed from tumbled terrazzo glass sheet,36.4,10lb bag
ASG,Black,#2,glass,tumbled_terrazzo,1lb bag,ASG Retail Price List JAN-22.pdf,Parsed from tumbled terrazzo glass sheet,5.19,1lb bag
ASG,Black,#2,glass,tumbled_terrazzo,25lb bag,ASG Retail Price List JAN-22.pdf,Parsed from tumbled terrazzo glass sheet,78.25,25lb bag
ASG,Black,#2,glass,tumbled_terrazzo,50lb bag,ASG Retail Price List JAN-22.pdf,Parsed from tumbled terrazzo glass sheet,130.5,50lb bag
ASG,Black,#2,glass,tumbled_terrazzo,5lb bag,ASG Retail Price List JAN-22.pdf,Parsed from tumbled terrazzo glass sheet,20.8,5lb bag
ASG,Black,#3,glass,tumbled_terrazzo,,ASG Retail Price List JAN-22.pdf,,,
ASG,Black,#3,glass,tumbled_terrazzo,10lb bag,ASG Retail Price List JAN-22.pdf,Parsed from tumbled terrazzo glass sheet,36.4,10lb bag
ASG,Black,#3,glass,tumbled_terrazzo,1lb bag,ASG Retail Price List JAN-22.pdf,Parsed from tumbled terrazzo glass sheet,5.19,1lb bag
ASG,Black,#3,glass,tumbled_terrazzo,25lb bag,ASG Retail Price List JAN-22.pdf,Parsed from tumbled terrazzo glass sheet,78.25,25lb bag
ASG,Black,#3,glass,tumbled_terrazzo,50lb bag,ASG Retail Price List JAN-22.pdf,Parsed from tumbled terrazzo glass sheet,130.5,50lb bag
ASG,Black,#3,glass,tumbled_terrazzo,5lb bag,ASG Retail Price List JAN-22.pdf,Parsed from tumbled terrazzo glass sheet,20.8,5lb bag
ASG,Black,Large,glass,tumbled_landscape,,ASG Retail Price List JAN-22.pdf,,,
ASG,Black,Medium,glass,tumbled_landscape,,ASG Retail Price List JAN-22.pdf,,,
ASG,Black,Small,glass,tumbled_landscape,,ASG Retail Price List JAN-22.pdf,,,
ASG,Black Frosted,Medium,glass,frosted_glass,,ASG Retail Price List JAN-22.pdf,,,
ASG,Black Licorice,#1,glass,bean_pebble,,ASG Retail Price List JAN-22.pdf,,,
ASG,Black Licorice,#2,glass,bean_pebble,,ASG Retail Price List JAN-22.pdf,,,
ASG,Black Licorice,#3,glass,bean_pebble,,ASG Retail Price List JAN-22.pdf,,,
ASG,Black Licorice,Medium,glass,bean_pebble,,ASG Retail Price List JAN-22.pdf,,,
ASG,Black Licorice Iridescent,#1,glass,bean_pebble_iridescent,,ASG Retail Price List JAN-22.pdf,,,
ASG,Black Licorice Iridescent,#2,glass,bean_pebble_iridescent,,ASG Retail Price List JAN-22.pdf,,,
ASG,Black Licorice Iridescent,#3,glass,bean_pebble_iridescent,,ASG Retail Price List JAN-22.pdf,,,
ASG,Black Licorice Iridescent,Medium,glass,bean_pebble_iridescent,,ASG Retail Price List JAN-22.pdf,,,
ASG,Black Reflective,#2,mirror,tempered_reflective,,ASG Retail Price List JAN-22.pdf,,,
ASG,Black Reflective,Medium,mirror,tempered_reflective,,ASG Retail Price List JAN-22.pdf,,,
ASG,Blue,Large,glass,tumbled_landscape,,ASG Retail Price List JAN-22.pdf,,,
ASG,Blue,Medium,glass,tumbled_landscape,,ASG Retail Price List JAN-22.pdf,,,
ASG,Blue,Small,glass,tumbled_landscape,,ASG Retail Price List JAN-22.pdf,,,
ASG,Blue Raspberry,#1,glass,bean_pebble,,ASG Retail Price List JAN-22.pdf,,,
ASG,Blue Raspberry,#2,glass,bean_pebble,,ASG Retail Price List JAN-22.pdf,,,
ASG,Blue Raspberry,#3,glass,bean_pebble,,ASG Retail Price List JAN-22.pdf,,,
ASG,Blue Raspberry,Medium,glass,bean_pebble,,ASG Retail Price List JAN-22.pdf,,,
ASG,Blue Raspberry Iridescent,#1,glass,bean_pebble_iridescent,,ASG Retail Price List JAN-22.pdf,,,
ASG,Blue Raspberry Iridescent,#2,glass,bean_pebble_iridescent,,ASG Retail Price List JAN-22.pdf,,,
ASG,Blue Raspberry Iridescent,#3,glass,bean_pebble_iridescent,,ASG Retail Price List JAN-22.pdf,,,
ASG,Blue Raspberry Iridescent,Medium,glass,bean_pebble_iridescent,,ASG Retail Price List JAN-22.pdf,,,
ASG,Blue Reflective,#2,mirror,tempered_reflective,,ASG Retail Price List JAN-22.pdf,,,
ASG,Blue Reflective,Medium,mirror,tempered_reflective,,ASG Retail Price List JAN-22.pdf,,,
ASG,Blueberry,#1,glass,bean_pebble,,ASG Retail Price List JAN-22.pdf,,,
ASG,Blueberry,#2,glass,bean_pebble,,ASG Retail Price List JAN-22.pdf,,,
ASG,Blueberry,#3,glass,bean_pebble,,ASG Retail Price List JAN-22.pdf,,,
ASG,Blueberry,Medium,glass,bean_pebble,,ASG Retail Price List JAN-22.pdf,,,
ASG,Blueberry Iridescent,#1,glass,bean_pebble_iridescent,,ASG Retail Price List JAN-22.pdf,,,
ASG,Blueberry Iridescent,#2,glass,bean_pebble_iridescent,,ASG Retail Price List JAN-22.pdf,,,
ASG,Blueberry Iridescent,#3,glass,bean_pebble_iridescent,,ASG Retail Price List JAN-22.pdf,,,
ASG,Blueberry Iridescent,Medium,glass,bean_pebble_iridescent,,ASG Retail Price List JAN-22.pdf,,,
ASG,Bronze Reflective,#2,mirror,tempered_reflective,,ASG Retail Price List JAN-22.pdf,,,
ASG,Bronze Reflective,Medium,mirror,tempered_reflective,,ASG Retail Price List JAN-22.pdf,,,
ASG,Caribbean Mix,Large,glass,tumbled_landscape,,ASG Retail Price List JAN-22.pdf,,,
ASG,Caribbean Mix,Medium,glass,tumbled_landscape,,ASG Retail Price List JAN-22.pdf,,,
ASG,Caribbean Mix,Small,glass,tumbled_landscape,,ASG Retail Price List JAN-22.pdf,,,
ASG,Chunky Orange,#0,glass,tumbled_terrazzo,,ASG Retail Price List JAN-22.pdf,,,
ASG,Chunky Orange,#0,glass,tumbled_terrazzo,10lb bag,ASG Retail Price List JAN-22.pdf,Parsed from tumbled terrazzo glass sheet,53.4,10lb bag
ASG,Chunky Orange,#0,glass,tumbled_terrazzo,1lb bag,ASG Retail Price List JAN-22.pdf,Parsed from tumbled terrazzo glass sheet,6.88,1lb bag
ASG,Chunky Orange,#0,glass,tumbled_terrazzo,25lb bag,ASG Retail Price List JAN-22.pdf,Parsed from tumbled terrazzo glass sheet,123.25,25lb bag
ASG,Chunky Orange,#0,glass,tumbled_terrazzo,50lb bag,ASG Retail Price List JAN-22.pdf,Parsed from tumbled terrazzo glass sheet,215.5,50lb bag
ASG,Chunky Orange,#0,glass,tumbled_terrazzo,5lb bag,ASG Retail Price List JAN-22.pdf,Parsed from tumbled terrazzo glass sheet,30.8,5lb bag
ASG,Chunky Orange,#00,glass,tumbled_terrazzo,,ASG Retail Price List JAN-22.pdf,,,
ASG,Chunky Orange,#1,glass,tumbled_terrazzo,,ASG Retail Price List JAN-22.pdf,,,
ASG,Chunky Orange,#1,glass,tumbled_terrazzo,10lb bag,ASG Retail Price List JAN-22.pdf,Parsed from tumbled terrazzo glass sheet,53.4,10lb bag
ASG,Chunky Orange,#1,glass,tumbled_terrazzo,1lb bag,ASG Retail Price List JAN-22.pdf,Parsed from tumbled terrazzo glass sheet,6.88,1lb bag
ASG,Chunky Orange,#1,glass,tumbled_terrazzo,25lb bag,ASG Retail Price List JAN-22.pdf,Parsed from tumbled terrazzo glass sheet,123.25,25lb bag
ASG,Chunky Orange,#1,glass,tumbled_terrazzo,50lb bag,ASG Retail Price List JAN-22.pdf,Parsed from tumbled terrazzo glass sheet,215.5,50lb bag
ASG,Chunky Orange,#1,glass,tumbled_terrazzo,5lb bag,ASG Retail Price List JAN-22.pdf,Parsed from tumbled terrazzo glass sheet,30.8,5lb bag
ASG,Chunky Orange,#2,glass,tumbled_terrazzo,,ASG Retail Price List JAN-22.pdf,,,
ASG,Chunky Orange,#2,glass,tumbled_terrazzo,10lb bag,ASG Retail Price List JAN-22.pdf,Parsed from tumbled terrazzo glass sheet,53.4,10lb bag
ASG,Chunky Orange,#2,glass,tumbled_terrazzo,1lb bag,ASG Retail Price List JAN-22.pdf,Parsed from tumbled terrazzo glass sheet,6.88,1lb bag
ASG,Chunky Orange,#2,glass,tumbled_terrazzo,25lb bag,ASG Retail Price List JAN-22.pdf,Parsed from tumbled terrazzo glass sheet,123.25,25lb bag
ASG,Chunky Orange,#2,glass,tumbled_terrazzo,50lb bag,ASG Retail Price List JAN-22.pdf,Parsed from tumbled terrazzo glass sheet,215.5,50lb bag
ASG,Chunky Orange,#2,glass,tumbled_terrazzo,5lb bag,ASG Retail Price List JAN-22.pdf,Parsed from tumbled terrazzo glass sheet,30.8,5lb bag
ASG,Chunky Orange,#3,glass,tumbled_terrazzo,,ASG Retail Price List JAN-22.pdf,,,
ASG,Chunky Orange,#3,glass,tumbled_terrazzo,10lb bag,ASG Retail Price List JAN-22.pdf,Parsed from tumbled terrazzo glass sheet,53.4,10lb bag
ASG,Chunky Orange,#3,glass,tumbled_terrazzo,1lb bag,ASG Retail Price List JAN-22.pdf,Parsed from tumbled terrazzo glass sheet,6.88,1lb bag
ASG,Chunky Orange,#3,glass,tumbled_terrazzo,25lb bag,ASG Retail Price List JAN-22.pdf,Parsed from tumbled terrazzo glass sheet,123.25,25lb bag
ASG,Chunky Orange,#3,glass,tumbled_terrazzo,50lb bag,ASG Retail Price List JAN-22.pdf,Parsed from tumbled terrazzo glass sheet,215.5,50lb bag
ASG,Chunky Orange,#3,glass,tumbled_terrazzo,5lb bag,ASG Retail Price List JAN-22.pdf,Parsed from tumbled terrazzo glass sheet,30.8,5lb bag
ASG,Chunky Red,#0,glass,tumbled_terrazzo,,ASG Retail Price List JAN-22.pdf,,,
ASG,Chunky Red,#0,glass,tumbled_terrazzo,10lb bag,ASG Retail Price List JAN-22.pdf,Parsed from tumbled terrazzo glass sheet,53.4,10lb bag
ASG,Chunky Red,#0,glass,tumbled_terrazzo,1lb bag,ASG Retail Price List JAN-22.pdf,Parsed from tumbled terrazzo glass sheet,6.88,1lb bag
ASG,Chunky Red,#0,glass,tumbled_terrazzo,25lb bag,ASG Retail Price List JAN-22.pdf,Parsed from tumbled terrazzo glass sheet,123.25,25lb bag
ASG,Chunky Red,#0,glass,tumbled_terrazzo,50lb bag,ASG Retail Price List JAN-22.pdf,Parsed from tumbled terrazzo glass sheet,215.5,50lb bag
ASG,Chunky Red,#0,glass,tumbled_terrazzo,5lb bag,ASG Retail Price List JAN-22.pdf,Parsed from tumbled terrazzo glass sheet,30.8,5lb bag
ASG,Chunky Red,#00,glass,tumbled_terrazzo,,ASG Retail Price List JAN-22.pdf,,,
ASG,Chunky Red,#1,glass,tumbled_terrazzo,,ASG Retail Price List JAN-22.pdf,,,
ASG,Chunky Red,#1,glass,tumbled_terrazzo,10lb bag,ASG Retail Price List JAN-22.pdf,Parsed from tumbled terrazzo glass sheet,53.4,10lb bag
ASG,Chunky Red,#1,glass,tumbled_terrazzo,1lb bag,ASG Retail Price List JAN-22.pdf,Parsed from tumbled terrazzo glass sheet,6.88,1lb bag
ASG,Chunky Red,#1,glass,tumbled_terrazzo,25lb bag,ASG Retail Price List JAN-22.pdf,Parsed from tumbled terrazzo glass sheet,123.25,25lb bag
ASG,Chunky Red,#1,glass,tumbled_terrazzo,50lb bag,ASG Retail Price List JAN-22.pdf,Parsed from tumbled terrazzo glass sheet,215.5,50lb bag
ASG,Chunky Red,#1,glass,tumbled_terrazzo,5lb bag,ASG Retail Price List JAN-22.pdf,Parsed from tumbled terrazzo glass sheet,30.8,5lb bag
ASG,Chunky Red,#2,glass,tumbled_terrazzo,,ASG Retail Price List JAN-22.pdf,,,
ASG,Chunky Red,#2,glass,tumbled_terrazzo,10lb bag,ASG Retail Price List JAN-22.pdf,Parsed from tumbled terrazzo glass sheet,53.4,10lb bag
ASG,Chunky Red,#2,glass,tumbled_terrazzo,1lb bag,ASG Retail Price List JAN-22.pdf,Parsed from tumbled terrazzo glass sheet,6.88,1lb bag
ASG,Chunky Red,#2,glass,tumbled_terrazzo,25lb bag,ASG Retail Price List JAN-22.pdf,Parsed from tumbled terrazzo glass sheet,123.25,25lb bag
ASG,Chunky Red,#2,glass,tumbled_terrazzo,50lb bag,ASG Retail Price List JAN-22.pdf,Parsed from tumbled terrazzo glass sheet,215.5,50lb bag
ASG,Chunky Red,#2,glass,tumbled_terrazzo,5lb bag,ASG Retail Price List JAN-22.pdf,Parsed from tumbled terrazzo glass sheet,30.8,5lb bag
ASG,Chunky Red,#3,glass,tumbled_terrazzo,,ASG Retail Price List JAN-22.pdf,,,
ASG,Chunky Red,#3,glass,tumbled_terrazzo,10lb bag,ASG Retail Price List JAN-22.pdf,Parsed from tumbled terrazzo glass sheet,53.4,10lb bag
ASG,Chunky Red,#3,glass,tumbled_terrazzo,1lb bag,ASG Retail Price List JAN-22.pdf,Parsed from tumbled terrazzo glass sheet,6.88,1lb bag
ASG,Chunky Red,#3,glass,tumbled_terrazzo,25lb bag,ASG Retail Price List JAN-22.pdf,Parsed from tumbled terrazzo glass sheet,123.25,25lb bag
ASG,Chunky Red,#3,glass,tumbled_terrazzo,50lb bag,ASG Retail Price List JAN-22.pdf,Parsed from tumbled terrazzo glass sheet,215.5,50lb bag
ASG,Chunky Red,#3,glass,tumbled_terrazzo,5lb bag,ASG Retail Price List JAN-22.pdf,Parsed from tumbled terrazzo glass sheet,30.8,5lb bag
ASG,Chunky Yellow,#0,glass,tumbled_terrazzo,,ASG Retail Price List JAN-22.pdf,,,
ASG,Chunky Yellow,#0,glass,tumbled_terrazzo,10lb bag,ASG Retail Price List JAN-22.pdf,Parsed from tumbled terrazzo glass sheet,53.4,10lb bag
ASG,Chunky Yellow,#0,glass,tumbled_terrazzo,1lb bag,ASG Retail Price List JAN-22.pdf,Parsed from tumbled terrazzo glass sheet,6.88,1lb bag
ASG,Chunky Yellow,#0,glass,tumbled_terrazzo,25lb bag,ASG Retail Price List JAN-22.pdf,Parsed from tumbled terrazzo glass sheet,123.25,25lb bag
ASG,Chunky Yellow,#0,glass,tumbled_terrazzo,50lb bag,ASG Retail Price List JAN-22.pdf,Parsed from tumbled terrazzo glass sheet,215.5,50lb bag
ASG,Chunky Yellow,#0,glass,tumbled_terrazzo,5lb bag,ASG Retail Price List JAN-22.pdf,Parsed from tumbled terrazzo glass sheet,30.8,5lb bag
ASG,Chunky Yellow,#00,glass,tumbled_terrazzo,,ASG Retail Price List JAN-22.pdf,,,
ASG,Chunky Yellow,#1,glass,tumbled_terrazzo,,ASG Retail Price List JAN-22.pdf,,,
ASG,Chunky Yellow,#1,glass,tumbled_terrazzo,10lb bag,ASG Retail Price List JAN-22.pdf,Parsed from tumbled terrazzo glass sheet,53.4,10lb bag
ASG,Chunky Yellow,#1,glass,tumbled_terrazzo,1lb bag,ASG Retail Price List JAN-22.pdf,Parsed from tumbled terrazzo glass sheet,6.88,1lb bag
ASG,Chunky Yellow,#1,glass,tumbled_terrazzo,25lb bag,ASG Retail Price List JAN-22.pdf,Parsed from tumbled terrazzo glass sheet,123.25,25lb bag
ASG,Chunky Yellow,#1,glass,tumbled_terrazzo,50lb bag,ASG Retail Price List JAN-22.pdf,Parsed from tumbled terrazzo glass sheet,215.5,50lb bag
ASG,Chunky Yellow,#1,glass,tumbled_terrazzo,5lb bag,ASG Retail Price List JAN-22.pdf,Parsed from tumbled terrazzo glass sheet,30.8,5lb bag
ASG,Chunky Yellow,#2,glass,tumbled_terrazzo,,ASG Retail Price List JAN-22.pdf,,,
ASG,Chunky Yellow,#2,glass,tumbled_terrazzo,10lb bag,ASG Retail Price List JAN-22.pdf,Parsed from tumbled terrazzo glass sheet,53.4,10lb bag
ASG,Chunky Yellow,#2,glass,tumbled_terrazzo,1lb bag,ASG Retail Price List JAN-22.pdf,Parsed from tumbled terrazzo glass sheet,6.88,1lb bag
ASG,Chunky Yellow,#2,glass,tumbled_terrazzo,25lb bag,ASG Retail Price List JAN-22.pdf,Parsed from tumbled terrazzo glass sheet,123.25,25lb bag
ASG,Chunky Yellow,#2,glass,tumbled_terrazzo,50lb bag,ASG Retail Price List JAN-22.pdf,Parsed from tumbled terrazzo glass sheet,215.5,50lb bag
ASG,Chunky Yellow,#2,glass,tumbled_terrazzo,5lb bag,ASG Retail Price List JAN-22.pdf,Parsed from tumbled terrazzo glass sheet,30.8,5lb bag
ASG,Chunky Yellow,#3,glass,tumbled_terrazzo,,ASG Retail Price List JAN-22.pdf,,,
ASG,Chunky Yellow,#3,glass,tumbled_terrazzo,10lb bag,ASG Retail Price List JAN-22.pdf,Parsed from tumbled terrazzo glass sheet,53.4,10lb bag
ASG,Chunky Yellow,#3,glass,tumbled_terrazzo,1lb bag,ASG Retail Price List JAN-22.pdf,Parsed from tumbled terrazzo glass sheet,6.88,1lb bag
ASG,Chunky Yellow,#3,glass,tumbled_terrazzo,25lb bag,ASG Retail Price List JAN-22.pdf,Parsed from tumbled terrazzo glass sheet,123.25,25lb bag
ASG,Chunky Yellow,#3,glass,tumbled_terrazzo,50lb bag,ASG Retail Price List JAN-22.pdf,Parsed from tumbled terrazzo glass sheet,215.5,50lb bag
ASG,Chunky Yellow,#3,glass,tumbled_terrazzo,5lb bag,ASG Retail Price List JAN-22.pdf,Parsed from tumbled terrazzo glass sheet,30.8,5lb bag
ASG,Clear Frosted,Medium,glass,frosted_glass,,ASG Retail Price List JAN-22.pdf,,,
ASG,Clear Plate,#0,glass,silica_sand_substitute,,ASG Retail Price List JAN-22.pdf,,,
ASG,Clear Plate,#0,glass,silica_sand_substitute,10lb bag,ASG Retail Price List JAN-22.pdf,Parsed from tumbled terrazzo glass sheet,14.8,10lb bag
ASG,Clear Plate,#0,glass,silica_sand_substitute,1lb bag,ASG Retail Price List JAN-22.pdf,Parsed from tumbled terrazzo glass sheet,3.65,1lb bag
ASG,Clear Plate,#0,glass,silica_sand_substitute,25lb bag,ASG Retail Price List JAN-22.pdf,Parsed from tumbled terrazzo glass sheet,30.75,25lb bag
ASG,Clear Plate,#0,glass,silica_sand_substitute,50lb bag,ASG Retail Price List JAN-22.pdf,Parsed from tumbled terrazzo glass sheet,48.5,50lb bag
ASG,Clear Plate,#0,glass,silica_sand_substitute,5lb bag,ASG Retail Price List JAN-22.pdf,Parsed from tumbled terrazzo glass sheet,9.45,5lb bag
ASG,Clear Plate,#00,glass,silica_sand_substitute,,ASG Retail Price List JAN-22.pdf,,,
ASG,Clear Plate,#00,glass,silica_sand_substitute,10lb bag,ASG Retail Price List JAN-22.pdf,Parsed from tumbled terrazzo glass sheet,14.8,10lb bag
ASG,Clear Plate,#00,glass,silica_sand_substitute,1lb bag,ASG Retail Price List JAN-22.pdf,Parsed from tumbled terrazzo glass sheet,3.65,1lb bag
ASG,Clear Plate,#00,glass,silica_sand_substitute,25lb bag,ASG Retail Price List JAN-22.pdf,Parsed from tumbled terrazzo glass sheet,30.75,25lb bag
ASG,Clear Plate,#00,glass,silica_sand_substitute,50lb bag,ASG Retail Price List JAN-22.pdf,Parsed from tumbled terrazzo glass sheet,48.5,50lb bag
ASG,Clear Plate,#00,glass,silica_sand_substitute,5lb bag,ASG Retail Price List JAN-22.pdf,Parsed from tumbled terrazzo glass sheet,9.45,5lb bag
ASG,Clear Plate,#1,glass,silica_sand_substitute,,ASG Retail Price List JAN-22.pdf,,,
ASG,Clear Plate,#1,glass,silica_sand_substitute,10lb bag,ASG Retail Price List JAN-22.pdf,Parsed from tumbled terrazzo glass sheet,14.8,10lb bag
ASG,Clear Plate,#1,glass,silica_sand_substitute,1lb bag,ASG Retail Price List JAN-22.pdf,Parsed from tumbled terrazzo glass sheet,3.65,1lb bag
ASG,Clear Plate,#1,glass,silica_sand_substitute,25lb bag,ASG Retail Price List JAN-22.pdf,Parsed from tumbled terrazzo glass sheet,30.75,25lb bag
ASG,Clear Plate,#1,glass,silica_sand_substitute,50lb bag,ASG Retail Price List JAN-22.pdf,Parsed from tumbled terrazzo glass sheet,48.5,50lb bag
ASG,Clear Plate,#1,glass,silica_sand_substitute,5lb bag,ASG Retail Price List JAN-22.pdf,Parsed from tumbled terrazzo glass sheet,9.45,5lb bag
ASG,Clear Plate,#2,glass,silica_sand_substitute,,ASG Retail Price List JAN-22.pdf,,,
ASG,Clear Plate,#2,glass,silica_sand_substitute,10lb bag,ASG Retail Price List JAN-22.pdf,Parsed from tumbled terrazzo glass sheet,14.8,10lb bag
ASG,Clear Plate,#2,glass,silica_sand_substitute,1lb bag,ASG Retail Price List JAN-22.pdf,Parsed from tumbled terrazzo glass sheet,3.65,1lb bag
ASG,Clear Plate,#2,glass,silica_sand_substitute,25lb bag,ASG Retail Price List JAN-22.pdf,Parsed from tumbled terrazzo glass sheet,30.75,25lb bag
ASG,Clear Plate,#2,glass,silica_sand_substitute,50lb bag,ASG Retail Price List JAN-22.pdf,Parsed from tumbled terrazzo glass sheet,48.5,50lb bag
ASG,Clear Plate,#2,glass,silica_sand_substitute,5lb bag,ASG Retail Price List JAN-22.pdf,Parsed from tumbled terrazzo glass sheet,9.45,5lb bag
ASG,Clear Plate,#3,glass,silica_sand_substitute,,ASG Retail Price List JAN-22.pdf,,,
ASG,Clear Plate,#3,glass,silica_sand_substitute,10lb bag,ASG Retail Price List JAN-22.pdf,Parsed from tumbled terrazzo glass sheet,14.8,10lb bag
ASG,Clear Plate,#3,glass,silica_sand_substitute,1lb bag,ASG Retail Price List JAN-22.pdf,Parsed from tumbled terrazzo glass sheet,3.65,1lb bag
ASG,Clear Plate,#3,glass,silica_sand_substitute,25lb bag,ASG Retail Price List JAN-22.pdf,Parsed from tumbled terrazzo glass sheet,30.75,25lb bag
ASG,Clear Plate,#3,glass,silica_sand_substitute,50lb bag,ASG Retail Price List JAN-22.pdf,Parsed from tumbled terrazzo glass sheet,48.5,50lb bag
ASG,Clear Plate,#3,glass,silica_sand_substitute,5lb bag,ASG Retail Price List JAN-22.pdf,Parsed from tumbled terrazzo glass sheet,9.45,5lb bag
ASG,Clear Plate,Fines,glass,silica_sand_substitute,,ASG Retail Price List JAN-22.pdf,,,
ASG,Clear Plate,Fines,glass,silica_sand_substitute,10lb bag,ASG Retail Price List JAN-22.pdf,Parsed from tumbled terrazzo glass sheet,14.8,10lb bag
ASG,Clear Plate,Fines,glass,silica_sand_substitute,1lb bag,ASG Retail Price List JAN-22.pdf,Parsed from tumbled terrazzo glass sheet,3.65,1lb bag
ASG,Clear Plate,Fines,glass,silica_sand_substitute,25lb bag,ASG Retail Price List JAN-22.pdf,Parsed from tumbled terrazzo glass sheet,30.75,25lb bag
ASG,Clear Plate,Fines,glass,silica_sand_substitute,50lb bag,ASG Retail Price List JAN-22.pdf,Parsed from tumbled terrazzo glass sheet,48.5,50lb bag
ASG,Clear Plate,Fines,glass,silica_sand_substitute,5lb bag,ASG Retail Price List JAN-22.pdf,Parsed from tumbled terrazzo glass sheet,9.45,5lb bag
ASG,Clear Reflective,#2,mirror,tempered_reflective,,ASG Retail Price List JAN-22.pdf,,,
ASG,Clear Reflective,Medium,mirror,tempered_reflective,,ASG Retail Price List JAN-22.pdf,,,
ASG,Concord Grape,#1,glass,bean_pebble,,ASG Retail Price List JAN-22.pdf,,,
ASG,Concord Grape,#2,glass,bean_pebble,,ASG Retail Price List JAN-22.pdf,,,
ASG,Concord Grape,#3,glass,bean_pebble,,ASG Retail Price List JAN-22.pdf,,,
ASG,Concord Grape,Medium,glass,bean_pebble,,ASG Retail Price List JAN-22.pdf,,,
ASG,Confetti Mix,Large,glass,tumbled_landscape,,ASG Retail Price List JAN-22.pdf,,,
ASG,Confetti Mix,Medium,glass,tumbled_landscape,,ASG Retail Price List JAN-22.pdf,,,
ASG,Confetti Mix,Small,glass,tumbled_landscape,,ASG Retail Price List JAN-22.pdf,,,
ASG,Copper Reflective,#2,mirror,tempered_reflective,,ASG Retail Price List JAN-22.pdf,,,
ASG,Copper Reflective,Medium,mirror,tempered_reflective,,ASG Retail Price List JAN-22.pdf,,,
ASG,Cotton Candy,#1,glass,bean_pebble,,ASG Retail Price List JAN-22.pdf,,,
ASG,Cotton Candy,#2,glass,bean_pebble,,ASG Retail Price List JAN-22.pdf,,,
ASG,Cotton Candy,#3,glass,bean_pebble,,ASG Retail Price List JAN-22.pdf,,,
ASG,Cotton Candy,Medium,glass,bean_pebble,,ASG Retail Price List JAN-22.pdf,,,
ASG,Cotton Candy Iridescent,#1,glass,bean_pebble_iridescent,,ASG Retail Price List JAN-22.pdf,,,
ASG,Cotton Candy Iridescent,#2,glass,bean_pebble_iridescent,,ASG Retail Price List JAN-22.pdf,,,
ASG,Cotton Candy Iridescent,#3,glass,bean_pebble_iridescent,,ASG Retail Price List JAN-22.pdf,,,
ASG,Cotton Candy Iridescent,Medium,glass,bean_pebble_iridescent,,ASG Retail Price List JAN-22.pdf,,,
ASG,Crystal Amber,Large,glass,tumbled_landscape,,ASG Retail Price List JAN-22.pdf,,,
ASG,Crystal Amber,Medium,glass,tumbled_landscape,,ASG Retail Price List JAN-22.pdf,,,
ASG,Crystal Amber,Small,glass,tumbled_landscape,,ASG Retail Price List JAN-22.pdf,,,
ASG,Crystal Blue,Large,glass,tumbled_landscape,,ASG Retail Price List JAN-22.pdf,,,
ASG,Crystal Blue,Medium,glass,tumbled_landscape,,ASG Retail Price List JAN-22.pdf,,,
ASG,Crystal Blue,Small,glass,tumbled_landscape,,ASG Retail Price List JAN-22.pdf,,,
ASG,Crystal Clear,#0,glass,tumbled_terrazzo,,ASG Retail Price List JAN-22.pdf,,,
ASG,Crystal Clear,#0,glass,tumbled_terrazzo,10lb bag,ASG Retail Price List JAN-22.pdf,Parsed from tumbled terrazzo glass sheet,36.4,10lb bag
ASG,Crystal Clear,#0,glass,tumbled_terrazzo,1lb bag,ASG Retail Price List JAN-22.pdf,Parsed from tumbled terrazzo glass sheet,5.19,1lb bag
ASG,Crystal Clear,#0,glass,tumbled_terrazzo,25lb bag,ASG Retail Price List JAN-22.pdf,Parsed from tumbled terrazzo glass sheet,78.25,25lb bag
ASG,Crystal Clear,#0,glass,tumbled_terrazzo,50lb bag,ASG Retail Price List JAN-22.pdf,Parsed from tumbled terrazzo glass sheet,130.5,50lb bag
ASG,Crystal Clear,#0,glass,tumbled_terrazzo,5lb bag,ASG Retail Price List JAN-22.pdf,Parsed from tumbled terrazzo glass sheet,20.8,5lb bag
ASG,Crystal Clear,#00,glass,tumbled_terrazzo,,ASG Retail Price List JAN-22.pdf,,,
ASG,Crystal Clear,#1,glass,tumbled_terrazzo,,ASG Retail Price List JAN-22.pdf,,,
ASG,Crystal Clear,#1,glass,tumbled_terrazzo,10lb bag,ASG Retail Price List JAN-22.pdf,Parsed from tumbled terrazzo glass sheet,36.4,10lb bag
ASG,Crystal Clear,#1,glass,tumbled_terrazzo,1lb bag,ASG Retail Price List JAN-22.pdf,Parsed from tumbled terrazzo glass sheet,5.19,1lb bag
ASG,Crystal Clear,#1,glass,tumbled_terrazzo,25lb bag,ASG Retail Price List JAN-22.pdf,Parsed from tumbled terrazzo glass sheet,78.25,25lb bag
ASG,Crystal Clear,#1,glass,tumbled_terrazzo,50lb bag,ASG Retail Price List JAN-22.pdf,Parsed from tumbled terrazzo glass sheet,130.5,50lb bag
ASG,Crystal Clear,#1,glass,tumbled_terrazzo,5lb bag,ASG Retail Price List JAN-22.pdf,Parsed from tumbled terrazzo glass sheet,20.8,5lb bag
ASG,Crystal Clear,#2,glass,tumbled_terrazzo,,ASG Retail Price List JAN-22.pdf,,,
ASG,Crystal Clear,#2,glass,tumbled_terrazzo,10lb bag,ASG Retail Price List JAN-22.pdf,Parsed from tumbled terrazzo glass sheet,36.4,10lb bag
ASG,Crystal Clear,#2,glass,tumbled_terrazzo,1lb bag,ASG Retail Price List JAN-22.pdf,Parsed from tumbled terrazzo glass sheet,5.19,1lb bag
ASG,Crystal Clear,#2,glass,tumbled_terrazzo,25lb bag,ASG Retail Price List JAN-22.pdf,Parsed from tumbled terrazzo glass sheet,78.25,25lb bag
ASG,Crystal Clear,#2,glass,tumbled_terrazzo,50lb bag,ASG Retail Price List JAN-22.pdf,Parsed from tumbled terrazzo glass sheet,130.5,50lb bag
ASG,Crystal Clear,#2,glass,tumbled_terrazzo,5lb bag,ASG Retail Price List JAN-22.pdf,Parsed from tumbled terrazzo glass sheet,20.8,5lb bag
ASG,Crystal Clear,#3,glass,tumbled_terrazzo,,ASG Retail Price List JAN-22.pdf,,,
ASG,Crystal Clear,#3,glass,tumbled_terrazzo,10lb bag,ASG Retail Price List JAN-22.pdf,Parsed from tumbled terrazzo glass sheet,36.4,10lb bag
ASG,Crystal Clear,#3,glass,tumbled_terrazzo,1lb bag,ASG Retail Price List JAN-22.pdf,Parsed from tumbled terrazzo glass sheet,5.19,1lb bag
ASG,Crystal Clear,#3,glass,tumbled_terrazzo,25lb bag,ASG Retail Price List JAN-22.pdf,Parsed from tumbled terrazzo glass sheet,78.25,25lb bag
ASG,Crystal Clear,#3,glass,tumbled_terrazzo,50lb bag,ASG Retail Price List JAN-22.pdf,Parsed from tumbled terrazzo glass sheet,130.5,50lb bag
ASG,Crystal Clear,#3,glass,tumbled_terrazzo,5lb bag,ASG Retail Price List JAN-22.pdf,Parsed from tumbled terrazzo glass sheet,20.8,5lb bag
ASG,Crystal Clear,Large,glass,tumbled_landscape,,ASG Retail Price List JAN-22.pdf,,,
ASG,Crystal Clear,Medium,glass,tumbled_landscape,,ASG Retail Price List JAN-22.pdf,,,
ASG,Crystal Clear,Small,glass,tumbled_landscape,,ASG Retail Price List JAN-22.pdf,,,
ASG,Crystal Green,Large,glass,tumbled_landscape,,ASG Retail Price List JAN-22.pdf,,,
ASG,Crystal Green,Medium,glass,tumbled_landscape,,ASG Retail Price List JAN-22.pdf,,,
ASG,Crystal Green,Small,glass,tumbled_landscape,,ASG Retail Price List JAN-22.pdf,,,
ASG,Crystal Teal,Large,glass,tumbled_landscape,,ASG Retail Price List JAN-22.pdf,,,
ASG,Crystal Teal,Medium,glass,tumbled_landscape,,ASG Retail Price List JAN-22.pdf,,,
ASG,Crystal Teal,Small,glass,tumbled_landscape,,ASG Retail Price List JAN-22.pdf,,,
ASG,Crystal Turquoise,Large,glass,tumbled_landscape,,ASG Retail Price List JAN-22.pdf,,,
ASG,Crystal Turquoise,Medium,glass,tumbled_landscape,,ASG Retail Price List JAN-22.pdf,,,
ASG,Crystal Turquoise,Small,glass,tumbled_landscape,,ASG Retail Price List JAN-22.pdf,,,
ASG,Dark Blue,#0,glass,tumbled_terrazzo,,ASG Retail Price List JAN-22.pdf,,,
ASG,Dark Blue,#0,glass,tumbled_terrazzo,10lb bag,ASG Retail Price List JAN-22.pdf,Parsed from tumbled terrazzo glass sheet,36.4,10lb bag
ASG,Dark Blue,#0,glass,tumbled_terrazzo,1lb bag,ASG Retail Price List JAN-22.pdf,Parsed from tumbled terrazzo glass sheet,5.19,1lb bag
ASG,Dark Blue,#0,glass,tumbled_terrazzo,25lb bag,ASG Retail Price List JAN-22.pdf,Parsed from tumbled terrazzo glass sheet,78.25,25lb bag
ASG,Dark Blue,#0,glass,tumbled_terrazzo,50lb bag,ASG Retail Price List JAN-22.pdf,Parsed from tumbled terrazzo glass sheet,130.5,50lb bag
ASG,Dark Blue,#0,glass,tumbled_terrazzo,5lb bag,ASG Retail Price List JAN-22.pdf,Parsed from tumbled terrazzo glass sheet,20.8,5lb bag
ASG,Dark Blue,#00,glass,tumbled_terrazzo,,ASG Retail Price List JAN-22.pdf,,,
ASG,Dark Blue,#1,glass,tumbled_terrazzo,,ASG Retail Price List JAN-22.pdf,,,
ASG,Dark Blue,#1,glass,tumbled_terrazzo,10lb bag,ASG Retail Price List JAN-22.pdf,Parsed from tumbled terrazzo glass sheet,36.4,10lb bag
ASG,Dark Blue,#1,glass,tumbled_terrazzo,1lb bag,ASG Retail Price List JAN-22.pdf,Parsed from tumbled terrazzo glass sheet,5.19,1lb bag
ASG,Dark Blue,#1,glass,tumbled_terrazzo,25lb bag,ASG Retail Price List JAN-22.pdf,Parsed from tumbled terrazzo glass sheet,78.25,25lb bag
ASG,Dark Blue,#1,glass,tumbled_terrazzo,50lb bag,ASG Retail Price List JAN-22.pdf,Parsed from tumbled terrazzo glass sheet,130.5,50lb bag
ASG,Dark Blue,#1,glass,tumbled_terrazzo,5lb bag,ASG Retail Price List JAN-22.pdf,Parsed from tumbled terrazzo glass sheet,20.8,5lb bag
ASG,Dark Blue,#2,glass,tumbled_terrazzo,,ASG Retail Price List JAN-22.pdf,,,
ASG,Dark Blue,#2,glass,tumbled_terrazzo,10lb bag,ASG Retail Price List JAN-22.pdf,Parsed from tumbled terrazzo glass sheet,36.4,10lb bag
ASG,Dark Blue,#2,glass,tumbled_terrazzo,1lb bag,ASG Retail Price List JAN-22.pdf,Parsed from tumbled terrazzo glass sheet,5.19,1lb bag
ASG,Dark Blue,#2,glass,tumbled_terrazzo,25lb bag,ASG Retail Price List JAN-22.pdf,Parsed from tumbled terrazzo glass sheet,78.25,25lb bag
ASG,Dark Blue,#2,glass,tumbled_terrazzo,50lb bag,ASG Retail Price List JAN-22.pdf,Parsed from tumbled terrazzo glass sheet,130.5,50lb bag
ASG,Dark Blue,#2,glass,tumbled_terrazzo,5lb bag,ASG Retail Price List JAN-22.pdf,Parsed from tumbled terrazzo glass sheet,20.8,5lb bag
ASG,Dark Blue,#3,glass,tumbled_terrazzo,,ASG Retail Price List JAN-22.pdf,,,
ASG,Dark Blue,#3,glass,tumbled_terrazzo,10lb bag,ASG Retail Price List JAN-22.pdf,Parsed from tumbled terrazzo glass sheet,36.4,10lb bag
ASG,Dark Blue,#3,glass,tumbled_terrazzo,1lb bag,ASG Retail Price List JAN-22.pdf,Parsed from tumbled terrazzo glass sheet,5.19,1lb bag
ASG,Dark Blue,#3,glass,tumbled_terrazzo,25lb bag,ASG Retail Price List JAN-22.pdf,Parsed from tumbled terrazzo glass sheet,78.25,25lb bag
ASG,Dark Blue,#3,glass,tumbled_terrazzo,50lb bag,ASG Retail Price List JAN-22.pdf,Parsed from tumbled terrazzo glass sheet,130.5,50lb bag
ASG,Dark Blue,#3,glass,tumbled_terrazzo,5lb bag,ASG Retail Price List JAN-22.pdf,Parsed from tumbled terrazzo glass sheet,20.8,5lb bag
ASG,Dark Green,#0,glass,tumbled_terrazzo,,ASG Retail Price List JAN-22.pdf,,,
ASG,Dark Green,#0,glass,tumbled_terrazzo,10lb bag,ASG Retail Price List JAN-22.pdf,Parsed from tumbled terrazzo glass sheet,36.4,10lb bag
ASG,Dark Green,#0,glass,tumbled_terrazzo,1lb bag,ASG Retail Price List JAN-22.pdf,Parsed from tumbled terrazzo glass sheet,5.19,1lb bag
ASG,Dark Green,#0,glass,tumbled_terrazzo,25lb bag,ASG Retail Price List JAN-22.pdf,Parsed from tumbled terrazzo glass sheet,78.25,25lb bag
ASG,Dark Green,#0,glass,tumbled_terrazzo,50lb bag,ASG Retail Price List JAN-22.pdf,Parsed from tumbled terrazzo glass sheet,130.5,50lb bag
ASG,Dark Green,#0,glass,tumbled_terrazzo,5lb bag,ASG Retail Price List JAN-22.pdf,Parsed from tumbled terrazzo glass sheet,20.8,5lb bag
ASG,Dark Green,#00,glass,tumbled_terrazzo,,ASG Retail Price List JAN-22.pdf,,,
ASG,Dark Green,#1,glass,tumbled_terrazzo,,ASG Retail Price List JAN-22.pdf,,,
ASG,Dark Green,#1,glass,tumbled_terrazzo,10lb bag,ASG Retail Price List JAN-22.pdf,Parsed from tumbled terrazzo glass sheet,36.4,10lb bag
ASG,Dark Green,#1,glass,tumbled_terrazzo,1lb bag,ASG Retail Price List JAN-22.pdf,Parsed from tumbled terrazzo glass sheet,5.19,1lb bag
ASG,Dark Green,#1,glass,tumbled_terrazzo,25lb bag,ASG Retail Price List JAN-22.pdf,Parsed from tumbled terrazzo glass sheet,78.25,25lb bag
ASG,Dark Green,#1,glass,tumbled_terrazzo,50lb bag,ASG Retail Price List JAN-22.pdf,Parsed from tumbled terrazzo glass sheet,130.5,50lb bag
ASG,Dark Green,#1,glass,tumbled_terrazzo,5lb bag,ASG Retail Price List JAN-22.pdf,Parsed from tumbled terrazzo glass sheet,20.8,5lb bag
ASG,Dark Green,#2,glass,tumbled_terrazzo,,ASG Retail Price List JAN-22.pdf,,,
ASG,Dark Green,#2,glass,tumbled_terrazzo,10lb bag,ASG Retail Price List JAN-22.pdf,Parsed from tumbled terrazzo glass sheet,36.4,10lb bag
ASG,Dark Green,#2,glass,tumbled_terrazzo,1lb bag,ASG Retail Price List JAN-22.pdf,Parsed from tumbled terrazzo glass sheet,5.19,1lb bag
ASG,Dark Green,#2,glass,tumbled_terrazzo,25lb bag,ASG Retail Price List JAN-22.pdf,Parsed from tumbled terrazzo glass sheet,78.25,25lb bag
ASG,Dark Green,#2,glass,tumbled_terrazzo,50lb bag,ASG Retail Price List JAN-22.pdf,Parsed from tumbled terrazzo glass sheet,130.5,50lb bag
ASG,Dark Green,#2,glass,tumbled_terrazzo,5lb bag,ASG Retail Price List JAN-22.pdf,Parsed from tumbled terrazzo glass sheet,20.8,5lb bag
ASG,Dark Green,#3,glass,tumbled_terrazzo,,ASG Retail Price List JAN-22.pdf,,,
ASG,Dark Green,#3,glass,tumbled_terrazzo,10lb bag,ASG Retail Price List JAN-22.pdf,Parsed from tumbled terrazzo glass sheet,36.4,10lb bag
ASG,Dark Green,#3,glass,tumbled_terrazzo,1lb bag,ASG Retail Price List JAN-22.pdf,Parsed from tumbled terrazzo glass sheet,5.19,1lb bag
ASG,Dark Green,#3,glass,tumbled_terrazzo,25lb bag,ASG Retail Price List JAN-22.pdf,Parsed from tumbled terrazzo glass sheet,78.25,25lb bag
ASG,Dark Green,#3,glass,tumbled_terrazzo,50lb bag,ASG Retail Price List JAN-22.pdf,Parsed from tumbled terrazzo glass sheet,130.5,50lb bag
ASG,Dark Green,#3,glass,tumbled_terrazzo,5lb bag,ASG Retail Price List JAN-22.pdf,Parsed from tumbled terrazzo glass sheet,20.8,5lb bag
ASG,Earthtone Mix,#0,glass,tumbled_terrazzo,,ASG Retail Price List JAN-22.pdf,,,
ASG,Earthtone Mix,#0,glass,tumbled_terrazzo,10lb bag,ASG Retail Price List JAN-22.pdf,Parsed from tumbled terrazzo glass sheet,36.4,10lb bag
ASG,Earthtone Mix,#0,glass,tumbled_terrazzo,1lb bag,ASG Retail Price List JAN-22.pdf,Parsed from tumbled terrazzo glass sheet,5.19,1lb bag
ASG,Earthtone Mix,#0,glass,tumbled_terrazzo,25lb bag,ASG Retail Price List JAN-22.pdf,Parsed from tumbled terrazzo glass sheet,78.25,25lb bag
ASG,Earthtone Mix,#0,glass,tumbled_terrazzo,50lb bag,ASG Retail Price List JAN-22.pdf,Parsed from tumbled terrazzo glass sheet,130.5,50lb bag
ASG,Earthtone Mix,#0,glass,tumbled_terrazzo,5lb bag,ASG Retail Price List JAN-22.pdf,Parsed from tumbled terrazzo glass sheet,20.8,5lb bag
ASG,Earthtone Mix,#00,glass,tumbled_terrazzo,,ASG Retail Price List JAN-22.pdf,,,
ASG,Earthtone Mix,#1,glass,tumbled_terrazzo,,ASG Retail Price List JAN-22.pdf,,,
ASG,Earthtone Mix,#1,glass,tumbled_terrazzo,10lb bag,ASG Retail Price List JAN-22.pdf,Parsed from tumbled terrazzo glass sheet,36.4,10lb bag
ASG,Earthtone Mix,#1,glass,tumbled_terrazzo,1lb bag,ASG Retail Price List JAN-22.pdf,Parsed from tumbled terrazzo glass sheet,5.19,1lb bag
ASG,Earthtone Mix,#1,glass,tumbled_terrazzo,25lb bag,ASG Retail Price List JAN-22.pdf,Parsed from tumbled terrazzo glass sheet,78.25,25lb bag
ASG,Earthtone Mix,#1,glass,tumbled_terrazzo,50lb bag,ASG Retail Price List JAN-22.pdf,Parsed from tumbled terrazzo glass sheet,130.5,50lb bag
ASG,Earthtone Mix,#1,glass,tumbled_terrazzo,5lb bag,ASG Retail Price List JAN-22.pdf,Parsed from tumbled terrazzo glass sheet,20.8,5lb bag
ASG,Earthtone Mix,#2,glass,tumbled_terrazzo,,ASG Retail Price List JAN-22.pdf,,,
ASG,Earthtone Mix,#2,glass,tumbled_terrazzo,10lb bag,ASG Retail Price List JAN-22.pdf,Parsed from tumbled terrazzo glass sheet,36.4,10lb bag
ASG,Earthtone Mix,#2,glass,tumbled_terrazzo,1lb bag,ASG Retail Price List JAN-22.pdf,Parsed from tumbled terrazzo glass sheet,5.19,1lb bag
ASG,Earthtone Mix,#2,glass,tumbled_terrazzo,25lb bag,ASG Retail Price List JAN-22.pdf,Parsed from tumbled terrazzo glass sheet,78.25,25lb bag
ASG,Earthtone Mix,#2,glass,tumbled_terrazzo,50lb bag,ASG Retail Price List JAN-22.pdf,Parsed from tumbled terrazzo glass sheet,130.5,50lb bag
ASG,Earthtone Mix,#2,glass,tumbled_terrazzo,5lb bag,ASG Retail Price List JAN-22.pdf,Parsed from tumbled terrazzo glass sheet,20.8,5lb bag
ASG,Earthtone Mix,#3,glass,tumbled_terrazzo,,ASG Retail Price List JAN-22.pdf,,,
ASG,Earthtone Mix,#3,glass,tumbled_terrazzo,10lb bag,ASG Retail Price List JAN-22.pdf,Parsed from tumbled terrazzo glass sheet,36.4,10lb bag
ASG,Earthtone Mix,#3,glass,tumbled_terrazzo,1lb bag,ASG Retail Price List JAN-22.pdf,Parsed from tumbled terrazzo glass sheet,5.19,1lb bag
ASG,Earthtone Mix,#3,glass,tumbled_terrazzo,25lb bag,ASG Retail Price List JAN-22.pdf,Parsed from tumbled terrazzo glass sheet,78.25,25lb bag
ASG,Earthtone Mix,#3,glass,tumbled_terrazzo,50lb bag,ASG Retail Price List JAN-22.pdf,Parsed from tumbled terrazzo glass sheet,130.5,50lb bag
ASG,Earthtone Mix,#3,glass,tumbled_terrazzo,5lb bag,ASG Retail Price List JAN-22.pdf,Parsed from tumbled terrazzo glass sheet,20.8,5lb bag
ASG,Flat Orange,,glass,tumbled_terrazzo,10lb bag,ASG Retail Price List JAN-22.pdf,Size availability ambiguous in parsed sheet; verify before using for filtering,70.4,10lb bag
ASG,Flat Orange,,glass,tumbled_terrazzo,1lb bag,ASG Retail Price List JAN-22.pdf,Size availability ambiguous in parsed sheet; verify before using for filtering,8.54,1lb bag
ASG,Flat Orange,,glass,tumbled_terrazzo,25lb bag,ASG Retail Price List JAN-22.pdf,Size availability ambiguous in parsed sheet; verify before using for filtering,161.0,25lb bag
ASG,Flat Orange,,glass,tumbled_terrazzo,50lb bag,ASG Retail Price List JAN-22.pdf,Size availability ambiguous in parsed sheet; verify before using for filtering,292.0,50lb bag
ASG,Flat Orange,,glass,tumbled_terrazzo,5lb bag,ASG Retail Price List JAN-22.pdf,Size availability ambiguous in parsed sheet; verify before using for filtering,39.2,5lb bag
ASG,Flat Orange,#0,glass,tumbled_terrazzo,,ASG Retail Price List JAN-22.pdf,,,
ASG,Flat Orange,#00,glass,tumbled_terrazzo,,ASG Retail Price List JAN-22.pdf,,,
ASG,Flat Orange,#1,glass,tumbled_terrazzo,,ASG Retail Price List JAN-22.pdf,,,
ASG,Flat Orange,#2,glass,tumbled_terrazzo,,ASG Retail Price List JAN-22.pdf,,,
ASG,Flat Orange,#3,glass,tumbled_terrazzo,,ASG Retail Price List JAN-22.pdf,,,
ASG,Flat Red,,glass,tumbled_terrazzo,10lb bag,ASG Retail Price List JAN-22.pdf,Size availability ambiguous in parsed sheet; verify before using for filtering,70.4,10lb bag
ASG,Flat Red,,glass,tumbled_terrazzo,1lb bag,ASG Retail Price List JAN-22.pdf,Size availability ambiguous in parsed sheet; verify before using for filtering,8.54,1lb bag
ASG,Flat Red,,glass,tumbled_terrazzo,25lb bag,ASG Retail Price List JAN-22.pdf,Size availability ambiguous in parsed sheet; verify before using for filtering,161.0,25lb bag
ASG,Flat Red,,glass,tumbled_terrazzo,50lb bag,ASG Retail Price List JAN-22.pdf,Size availability ambiguous in parsed sheet; verify before using for filtering,292.0,50lb bag
ASG,Flat Red,,glass,tumbled_terrazzo,5lb bag,ASG Retail Price List JAN-22.pdf,Size availability ambiguous in parsed sheet; verify before using for filtering,39.2,5lb bag
ASG,Flat Red,#0,glass,tumbled_terrazzo,,ASG Retail Price List JAN-22.pdf,,,
ASG,Flat Red,#00,glass,tumbled_terrazzo,,ASG Retail Price List JAN-22.pdf,,,
ASG,Flat Red,#1,glass,tumbled_terrazzo,,ASG Retail Price List JAN-22.pdf,,,
ASG,Flat Red,#2,glass,tumbled_terrazzo,,ASG Retail Price List JAN-22.pdf,,,
ASG,Flat Red,#3,glass,tumbled_terrazzo,,ASG Retail Price List JAN-22.pdf,,,
ASG,Flat Yellow,,glass,tumbled_terrazzo,10lb bag,ASG Retail Price List JAN-22.pdf,Size availability ambiguous in parsed sheet; verify before using for filtering,70.4,10lb bag
ASG,Flat Yellow,,glass,tumbled_terrazzo,1lb bag,ASG Retail Price List JAN-22.pdf,Size availability ambiguous in parsed sheet; verify before using for filtering,8.54,1lb bag
ASG,Flat Yellow,,glass,tumbled_terrazzo,25lb bag,ASG Retail Price List JAN-22.pdf,Size availability ambiguous in parsed sheet; verify before using for filtering,161.0,25lb bag
ASG,Flat Yellow,,glass,tumbled_terrazzo,50lb bag,ASG Retail Price List JAN-22.pdf,Size availability ambiguous in parsed sheet; verify before using for filtering,292.0,50lb bag
ASG,Flat Yellow,,glass,tumbled_terrazzo,5lb bag,ASG Retail Price List JAN-22.pdf,Size availability ambiguous in parsed sheet; verify before using for filtering,39.2,5lb bag
ASG,Flat Yellow,#0,glass,tumbled_terrazzo,,ASG Retail Price List JAN-22.pdf,,,
ASG,Flat Yellow,#00,glass,tumbled_terrazzo,,ASG Retail Price List JAN-22.pdf,,,
ASG,Flat Yellow,#1,glass,tumbled_terrazzo,,ASG Retail Price List JAN-22.pdf,,,
ASG,Flat Yellow,#2,glass,tumbled_terrazzo,,ASG Retail Price List JAN-22.pdf,,,
ASG,Flat Yellow,#3,glass,tumbled_terrazzo,,ASG Retail Price List JAN-22.pdf,,,
ASG,Forest Mix,Large,glass,tumbled_landscape,,ASG Retail Price List JAN-22.pdf,,,
ASG,Forest Mix,Medium,glass,tumbled_landscape,,ASG Retail Price List JAN-22.pdf,,,
ASG,Forest Mix,Small,glass,tumbled_landscape,,ASG Retail Price List JAN-22.pdf,,,
ASG,Glacier Ice,#1,glass,bean_pebble,,ASG Retail Price List JAN-22.pdf,,,
ASG,Glacier Ice,#2,glass,bean_pebble,,ASG Retail Price List JAN-22.pdf,,,
ASG,Glacier Ice,#3,glass,bean_pebble,,ASG Retail Price List JAN-22.pdf,,,
ASG,Glacier Ice,Medium,glass,bean_pebble,,ASG Retail Price List JAN-22.pdf,,,
ASG,Glacier Ice Iridescent,#1,glass,bean_pebble_iridescent,,ASG Retail Price List JAN-22.pdf,,,
ASG,Glacier Ice Iridescent,#2,glass,bean_pebble_iridescent,,ASG Retail Price List JAN-22.pdf,,,
ASG,Glacier Ice Iridescent,#3,glass,bean_pebble_iridescent,,ASG Retail Price List JAN-22.pdf,,,
ASG,Glacier Ice Iridescent,Medium,glass,bean_pebble_iridescent,,ASG Retail Price List JAN-22.pdf,,,
ASG,Gray,#0,glass,tumbled_terrazzo,,ASG Retail Price List JAN-22.pdf,,,
ASG,Gray,#0,glass,tumbled_terrazzo,10lb bag,ASG Retail Price List JAN-22.pdf,Parsed from tumbled terrazzo glass sheet,36.4,10lb bag
ASG,Gray,#0,glass,tumbled_terrazzo,1lb bag,ASG Retail Price List JAN-22.pdf,Parsed from tumbled terrazzo glass sheet,5.19,1lb bag
ASG,Gray,#0,glass,tumbled_terrazzo,25lb bag,ASG Retail Price List JAN-22.pdf,Parsed from tumbled terrazzo glass sheet,78.25,25lb bag
ASG,Gray,#0,glass,tumbled_terrazzo,50lb bag,ASG Retail Price List JAN-22.pdf,Parsed from tumbled terrazzo glass sheet,130.5,50lb bag
ASG,Gray,#0,glass,tumbled_terrazzo,5lb bag,ASG Retail Price List JAN-22.pdf,Parsed from tumbled terrazzo glass sheet,20.8,5lb bag
ASG,Gray,#00,glass,tumbled_terrazzo,,ASG Retail Price List JAN-22.pdf,,,
ASG,Gray,#1,glass,tumbled_terrazzo,,ASG Retail Price List JAN-22.pdf,,,
ASG,Gray,#1,glass,tumbled_terrazzo,10lb bag,ASG Retail Price List JAN-22.pdf,Parsed from tumbled terrazzo glass sheet,36.4,10lb bag
ASG,Gray,#1,glass,tumbled_terrazzo,1lb bag,ASG Retail Price List JAN-22.pdf,Parsed from tumbled terrazzo glass sheet,5.19,1lb bag
ASG,Gray,#1,glass,tumbled_terrazzo,25lb bag,ASG Retail Price List JAN-22.pdf,Parsed from tumbled terrazzo glass sheet,78.25,25lb bag
ASG,Gray,#1,glass,tumbled_terrazzo,50lb bag,ASG Retail Price List JAN-22.pdf,Parsed from tumbled terrazzo glass sheet,130.5,50lb bag
ASG,Gray,#1,glass,tumbled_terrazzo,5lb bag,ASG Retail Price List JAN-22.pdf,Parsed from tumbled terrazzo glass sheet,20.8,5lb bag
ASG,Gray,#2,glass,tumbled_terrazzo,,ASG Retail Price List JAN-22.pdf,,,
ASG,Gray,#2,glass,tumbled_terrazzo,10lb bag,ASG Retail Price List JAN-22.pdf,Parsed from tumbled terrazzo glass sheet,36.4,10lb bag
ASG,Gray,#2,glass,tumbled_terrazzo,1lb bag,ASG Retail Price List JAN-22.pdf,Parsed from tumbled terrazzo glass sheet,5.19,1lb bag
ASG,Gray,#2,glass,tumbled_terrazzo,25lb bag,ASG Retail Price List JAN-22.pdf,Parsed from tumbled terrazzo glass sheet,78.25,25lb bag
ASG,Gray,#2,glass,tumbled_terrazzo,50lb bag,ASG Retail Price List JAN-22.pdf,Parsed from tumbled terrazzo glass sheet,130.5,50lb bag
ASG,Gray,#2,glass,tumbled_terrazzo,5lb bag,ASG Retail Price List JAN-22.pdf,Parsed from tumbled terrazzo glass sheet,20.8,5lb bag
ASG,Gray,#3,glass,tumbled_terrazzo,,ASG Retail Price List JAN-22.pdf,,,
ASG,Gray,#3,glass,tumbled_terrazzo,10lb bag,ASG Retail Price List JAN-22.pdf,Parsed from tumbled terrazzo glass sheet,36.4,10lb bag
ASG,Gray,#3,glass,tumbled_terrazzo,1lb bag,ASG Retail Price List JAN-22.pdf,Parsed from tumbled terrazzo glass sheet,5.19,1lb bag
ASG,Gray,#3,glass,tumbled_terrazzo,25lb bag,ASG Retail Price List JAN-22.pdf,Parsed from tumbled terrazzo glass sheet,78.25,25lb bag
ASG,Gray,#3,glass,tumbled_terrazzo,50lb bag,ASG Retail Price List JAN-22.pdf,Parsed from tumbled terrazzo glass sheet,130.5,50lb bag
ASG,Gray,#3,glass,tumbled_terrazzo,5lb bag,ASG Retail Price List JAN-22.pdf,Parsed from tumbled terrazzo glass sheet,20.8,5lb bag
ASG,Gray,Large,glass,tumbled_landscape,,ASG Retail Price List JAN-22.pdf,,,
ASG,Gray,Medium,glass,tumbled_landscape,,ASG Retail Price List JAN-22.pdf,,,
ASG,Gray,Small,glass,tumbled_landscape,,ASG Retail Price List JAN-22.pdf,,,
ASG,Gray Reflective,#2,mirror,tempered_reflective,,ASG Retail Price List JAN-22.pdf,,,
ASG,Gray Reflective,Medium,mirror,tempered_reflective,,ASG Retail Price List JAN-22.pdf,,,
ASG,Green,Large,glass,tumbled_landscape,,ASG Retail Price List JAN-22.pdf,,,
ASG,Green,Medium,glass,tumbled_landscape,,ASG Retail Price List JAN-22.pdf,,,
ASG,Green,Small,glass,tumbled_landscape,,ASG Retail Price List JAN-22.pdf,,,
ASG,Green Apple,#1,glass,bean_pebble,,ASG Retail Price List JAN-22.pdf,,,
ASG,Green Apple,#2,glass,bean_pebble,,ASG Retail Price List JAN-22.pdf,,,
ASG,Green Apple,#3,glass,bean_pebble,,ASG Retail Price List JAN-22.pdf,,,
ASG,Green Apple,Medium,glass,bean_pebble,,ASG Retail Price List JAN-22.pdf,,,
ASG,Green Frosted,Medium,glass,frosted_glass,,ASG Retail Price List JAN-22.pdf,,,
ASG,Green Reflective,#2,mirror,tempered_reflective,,ASG Retail Price List JAN-22.pdf,,,
ASG,Green Reflective,Medium,mirror,tempered_reflective,,ASG Retail Price List JAN-22.pdf,,,
ASG,Herbal Tea,#1,glass,bean_pebble,,ASG Retail Price List JAN-22.pdf,,,
ASG,Herbal Tea,#2,glass,bean_pebble,,ASG Retail Price List JAN-22.pdf,,,
ASG,Herbal Tea,#3,glass,bean_pebble,,ASG Retail Price List JAN-22.pdf,,,
ASG,Herbal Tea,Medium,glass,bean_pebble,,ASG Retail Price List JAN-22.pdf,,,
ASG,Jewel Mix,Large,glass,tumbled_landscape,,ASG Retail Price List JAN-22.pdf,,,
ASG,Jewel Mix,Medium,glass,tumbled_landscape,,ASG Retail Price List JAN-22.pdf,,,
ASG,Jewel Mix,Small,glass,tumbled_landscape,,ASG Retail Price List JAN-22.pdf,,,
ASG,Light Blue,#0,glass,tumbled_terrazzo,,ASG Retail Price List JAN-22.pdf,,,
ASG,Light Blue,#0,glass,tumbled_terrazzo,10lb bag,ASG Retail Price List JAN-22.pdf,Parsed from tumbled terrazzo glass sheet,36.4,10lb bag
ASG,Light Blue,#0,glass,tumbled_terrazzo,1lb bag,ASG Retail Price List JAN-22.pdf,Parsed from tumbled terrazzo glass sheet,5.19,1lb bag
ASG,Light Blue,#0,glass,tumbled_terrazzo,25lb bag,ASG Retail Price List JAN-22.pdf,Parsed from tumbled terrazzo glass sheet,78.25,25lb bag
ASG,Light Blue,#0,glass,tumbled_terrazzo,50lb bag,ASG Retail Price List JAN-22.pdf,Parsed from tumbled terrazzo glass sheet,130.5,50lb bag
ASG,Light Blue,#0,glass,tumbled_terrazzo,5lb bag,ASG Retail Price List JAN-22.pdf,Parsed from tumbled terrazzo glass sheet,20.8,5lb bag
ASG,Light Blue,#00,glass,tumbled_terrazzo,,ASG Retail Price List JAN-22.pdf,,,
ASG,Light Blue,#1,glass,tumbled_terrazzo,,ASG Retail Price List JAN-22.pdf,,,
ASG,Light Blue,#1,glass,tumbled_terrazzo,10lb bag,ASG Retail Price List JAN-22.pdf,Parsed from tumbled terrazzo glass sheet,36.4,10lb bag
ASG,Light Blue,#1,glass,tumbled_terrazzo,1lb bag,ASG Retail Price List JAN-22.pdf,Parsed from tumbled terrazzo glass sheet,5.19,1lb bag
ASG,Light Blue,#1,glass,tumbled_terrazzo,25lb bag,ASG Retail Price List JAN-22.pdf,Parsed from tumbled terrazzo glass sheet,78.25,25lb bag
ASG,Light Blue,#1,glass,tumbled_terrazzo,50lb bag,ASG Retail Price List JAN-22.pdf,Parsed from tumbled terrazzo glass sheet,130.5,50lb bag
ASG,Light Blue,#1,glass,tumbled_terrazzo,5lb bag,ASG Retail Price List JAN-22.pdf,Parsed from tumbled terrazzo glass sheet,20.8,5lb bag
ASG,Light Blue,#2,glass,tumbled_terrazzo,,ASG Retail Price List JAN-22.pdf,,,
ASG,Light Blue,#2,glass,tumbled_terrazzo,10lb bag,ASG Retail Price List JAN-22.pdf,Parsed from tumbled terrazzo glass sheet,36.4,10lb bag
ASG,Light Blue,#2,glass,tumbled_terrazzo,1lb bag,ASG Retail Price List JAN-22.pdf,Parsed from tumbled terrazzo glass sheet,5.19,1lb bag
ASG,Light Blue,#2,glass,tumbled_terrazzo,25lb bag,ASG Retail Price List JAN-22.pdf,Parsed from tumbled terrazzo glass sheet,78.25,25lb bag
ASG,Light Blue,#2,glass,tumbled_terrazzo,50lb bag,ASG Retail Price List JAN-22.pdf,Parsed from tumbled terrazzo glass sheet,130.5,50lb bag
ASG,Light Blue,#2,glass,tumbled_terrazzo,5lb bag,ASG Retail Price List JAN-22.pdf,Parsed from tumbled terrazzo glass sheet,20.8,5lb bag
ASG,Light Blue,#3,glass,tumbled_terrazzo,,ASG Retail Price List JAN-22.pdf,,,
ASG,Light Blue,#3,glass,tumbled_terrazzo,10lb bag,ASG Retail Price List JAN-22.pdf,Parsed from tumbled terrazzo glass sheet,36.4,10lb bag
ASG,Light Blue,#3,glass,tumbled_terrazzo,1lb bag,ASG Retail Price List JAN-22.pdf,Parsed from tumbled terrazzo glass sheet,5.19,1lb bag
ASG,Light Blue,#3,glass,tumbled_terrazzo,25lb bag,ASG Retail Price List JAN-22.pdf,Parsed from tumbled terrazzo glass sheet,78.25,25lb bag
ASG,Light Blue,#3,glass,tumbled_terrazzo,50lb bag,ASG Retail Price List JAN-22.pdf,Parsed from tumbled terrazzo glass sheet,130.5,50lb bag
ASG,Light Blue,#3,glass,tumbled_terrazzo,5lb bag,ASG Retail Price List JAN-22.pdf,Parsed from tumbled terrazzo glass sheet,20.8,5lb bag
ASG,Light Gray Frosted,Medium,glass,frosted_glass,,ASG Retail Price List JAN-22.pdf,,,
ASG,Light Green,#0,glass,tumbled_terrazzo,,ASG Retail Price List JAN-22.pdf,,,
ASG,Light Green,#0,glass,tumbled_terrazzo,10lb bag,ASG Retail Price List JAN-22.pdf,Parsed from tumbled terrazzo glass sheet,36.4,10lb bag
ASG,Light Green,#0,glass,tumbled_terrazzo,1lb bag,ASG Retail Price List JAN-22.pdf,Parsed from tumbled terrazzo glass sheet,5.19,1lb bag
ASG,Light Green,#0,glass,tumbled_terrazzo,25lb bag,ASG Retail Price List JAN-22.pdf,Parsed from tumbled terrazzo glass sheet,78.25,25lb bag
ASG,Light Green,#0,glass,tumbled_terrazzo,50lb bag,ASG Retail Price List JAN-22.pdf,Parsed from tumbled terrazzo glass sheet,130.5,50lb bag
ASG,Light Green,#0,glass,tumbled_terrazzo,5lb bag,ASG Retail Price List JAN-22.pdf,Parsed from tumbled terrazzo glass sheet,20.8,5lb bag
ASG,Light Green,#00,glass,tumbled_terrazzo,,ASG Retail Price List JAN-22.pdf,,,
ASG,Light Green,#1,glass,tumbled_terrazzo,,ASG Retail Price List JAN-22.pdf,,,
ASG,Light Green,#1,glass,tumbled_terrazzo,10lb bag,ASG Retail Price List JAN-22.pdf,Parsed from tumbled terrazzo glass sheet,36.4,10lb bag
ASG,Light Green,#1,glass,tumbled_terrazzo,1lb bag,ASG Retail Price List JAN-22.pdf,Parsed from tumbled terrazzo glass sheet,5.19,1lb bag
ASG,Light Green,#1,glass,tumbled_terrazzo,25lb bag,ASG Retail Price List JAN-22.pdf,Parsed from tumbled terrazzo glass sheet,78.25,25lb bag
ASG,Light Green,#1,glass,tumbled_terrazzo,50lb bag,ASG Retail Price List JAN-22.pdf,Parsed from tumbled terrazzo glass sheet,130.5,50lb bag
ASG,Light Green,#1,glass,tumbled_terrazzo,5lb bag,ASG Retail Price List JAN-22.pdf,Parsed from tumbled terrazzo glass sheet,20.8,5lb bag
ASG,Light Green,#2,glass,tumbled_terrazzo,,ASG Retail Price List JAN-22.pdf,,,
ASG,Light Green,#2,glass,tumbled_terrazzo,10lb bag,ASG Retail Price List JAN-22.pdf,Parsed from tumbled terrazzo glass sheet,36.4,10lb bag
ASG,Light Green,#2,glass,tumbled_terrazzo,1lb bag,ASG Retail Price List JAN-22.pdf,Parsed from tumbled terrazzo glass sheet,5.19,1lb bag
ASG,Light Green,#2,glass,tumbled_terrazzo,25lb bag,ASG Retail Price List JAN-22.pdf,Parsed from tumbled terrazzo glass sheet,78.25,25lb bag
ASG,Light Green,#2,glass,tumbled_terrazzo,50lb bag,ASG Retail Price List JAN-22.pdf,Parsed from tumbled terrazzo glass sheet,130.5,50lb bag
ASG,Light Green,#2,glass,tumbled_terrazzo,5lb bag,ASG Retail Price List JAN-22.pdf,Parsed from tumbled terrazzo glass sheet,20.8,5lb bag
ASG,Light Green,#3,glass,tumbled_terrazzo,,ASG Retail Price List JAN-22.pdf,,,
ASG,Light Green,#3,glass,tumbled_terrazzo,10lb bag,ASG Retail Price List JAN-22.pdf,Parsed from tumbled terrazzo glass sheet,36.4,10lb bag
ASG,Light Green,#3,glass,tumbled_terrazzo,1lb bag,ASG Retail Price List JAN-22.pdf,Parsed from tumbled terrazzo glass sheet,5.19,1lb bag
ASG,Light Green,#3,glass,tumbled_terrazzo,25lb bag,ASG Retail Price List JAN-22.pdf,Parsed from tumbled terrazzo glass sheet,78.25,25lb bag
ASG,Light Green,#3,glass,tumbled_terrazzo,50lb bag,ASG Retail Price List JAN-22.pdf,Parsed from tumbled terrazzo glass sheet,130.5,50lb bag
ASG,Light Green,#3,glass,tumbled_terrazzo,5lb bag,ASG Retail Price List JAN-22.pdf,Parsed from tumbled terrazzo glass sheet,20.8,5lb bag
ASG,Mirror,#0,glass,tumbled_terrazzo,,ASG Retail Price List JAN-22.pdf,,,
ASG,Mirror,#0,glass,tumbled_terrazzo,10lb bag,ASG Retail Price List JAN-22.pdf,Parsed from tumbled terrazzo glass sheet,36.4,10lb bag
ASG,Mirror,#0,glass,tumbled_terrazzo,1lb bag,ASG Retail Price List JAN-22.pdf,Parsed from tumbled terrazzo glass sheet,5.19,1lb bag
ASG,Mirror,#0,glass,tumbled_terrazzo,25lb bag,ASG Retail Price List JAN-22.pdf,Parsed from tumbled terrazzo glass sheet,78.25,25lb bag
ASG,Mirror,#0,glass,tumbled_terrazzo,50lb bag,ASG Retail Price List JAN-22.pdf,Parsed from tumbled terrazzo glass sheet,130.5,50lb bag
ASG,Mirror,#0,glass,tumbled_terrazzo,5lb bag,ASG Retail Price List JAN-22.pdf,Parsed from tumbled terrazzo glass sheet,20.8,5lb bag
ASG,Mirror,#00,glass,tumbled_terrazzo,,ASG Retail Price List JAN-22.pdf,,,
ASG,Mirror,#1,glass,tumbled_terrazzo,,ASG Retail Price List JAN-22.pdf,,,
ASG,Mirror,#1,glass,tumbled_terrazzo,10lb bag,ASG Retail Price List JAN-22.pdf,Parsed from tumbled terrazzo glass sheet,36.4,10lb bag
ASG,Mirror,#1,glass,tumbled_terrazzo,1lb bag,ASG Retail Price List JAN-22.pdf,Parsed from tumbled terrazzo glass sheet,5.19,1lb bag
ASG,Mirror,#1,glass,tumbled_terrazzo,25lb bag,ASG Retail Price List JAN-22.pdf,Parsed from tumbled terrazzo glass sheet,78.25,25lb bag
ASG,Mirror,#1,glass,tumbled_terrazzo,50lb bag,ASG Retail Price List JAN-22.pdf,Parsed from tumbled terrazzo glass sheet,130.5,50lb bag
ASG,Mirror,#1,glass,tumbled_terrazzo,5lb bag,ASG Retail Price List JAN-22.pdf,Parsed from tumbled terrazzo glass sheet,20.8,5lb bag
ASG,Mirror,#2,glass,tumbled_terrazzo,,ASG Retail Price List JAN-22.pdf,,,
ASG,Mirror,#2,glass,tumbled_terrazzo,10lb bag,ASG Retail Price List JAN-22.pdf,Parsed from tumbled terrazzo glass sheet,36.4,10lb bag
ASG,Mirror,#2,glass,tumbled_terrazzo,1lb bag,ASG Retail Price List JAN-22.pdf,Parsed from tumbled terrazzo glass sheet,5.19,1lb bag
ASG,Mirror,#2,glass,tumbled_terrazzo,25lb bag,ASG Retail Price List JAN-22.pdf,Parsed from tumbled terrazzo glass sheet,78.25,25lb bag
ASG,Mirror,#2,glass,tumbled_terrazzo,50lb bag,ASG Retail Price List JAN-22.pdf,Parsed from tumbled terrazzo glass sheet,130.5,50lb bag
ASG,Mirror,#2,glass,tumbled_terrazzo,5lb bag,ASG Retail Price List JAN-22.pdf,Parsed from tumbled terrazzo glass sheet,20.8,5lb bag
ASG,Mirror,#3,glass,tumbled_terrazzo,,ASG Retail Price List JAN-22.pdf,,,
ASG,Mirror,#3,glass,tumbled_terrazzo,10lb bag,ASG Retail Price List JAN-22.pdf,Parsed from tumbled terrazzo glass sheet,36.4,10lb bag
ASG,Mirror,#3,glass,tumbled_terrazzo,1lb bag,ASG Retail Price List JAN-22.pdf,Parsed from tumbled terrazzo glass sheet,5.19,1lb bag
ASG,Mirror,#3,glass,tumbled_terrazzo,25lb bag,ASG Retail Price List JAN-22.pdf,Parsed from tumbled terrazzo glass sheet,78.25,25lb bag
ASG,Mirror,#3,glass,tumbled_terrazzo,50lb bag,ASG Retail Price List JAN-22.pdf,Parsed from tumbled terrazzo glass sheet,130.5,50lb bag
ASG,Mirror,#3,glass,tumbled_terrazzo,5lb bag,ASG Retail Price List JAN-22.pdf,Parsed from tumbled terrazzo glass sheet,20.8,5lb bag
ASG,Mother of Pearl,#0,glass,tumbled_terrazzo,,ASG Retail Price List JAN-22.pdf,,,
ASG,Mother of Pearl,#0,glass,tumbled_terrazzo,10lb bag,ASG Retail Price List JAN-22.pdf,Parsed from tumbled terrazzo glass sheet,37.9,10lb bag
ASG,Mother of Pearl,#0,glass,tumbled_terrazzo,1lb bag,ASG Retail Price List JAN-22.pdf,Parsed from tumbled terrazzo glass sheet,5.34,1lb bag
ASG,Mother of Pearl,#0,glass,tumbled_terrazzo,25lb bag,ASG Retail Price List JAN-22.pdf,Parsed from tumbled terrazzo glass sheet,82.0,25lb bag
ASG,Mother of Pearl,#0,glass,tumbled_terrazzo,50lb bag,ASG Retail Price List JAN-22.pdf,Parsed from tumbled terrazzo glass sheet,138.0,50lb bag
ASG,Mother of Pearl,#0,glass,tumbled_terrazzo,5lb bag,ASG Retail Price List JAN-22.pdf,Parsed from tumbled terrazzo glass sheet,21.55,5lb bag
ASG,Mother of Pearl,#00,glass,tumbled_terrazzo,,ASG Retail Price List JAN-22.pdf,,,
ASG,Mother of Pearl,#1,glass,tumbled_terrazzo,,ASG Retail Price List JAN-22.pdf,,,
ASG,Mother of Pearl,#1,glass,tumbled_terrazzo,10lb bag,ASG Retail Price List JAN-22.pdf,Parsed from tumbled terrazzo glass sheet,37.9,10lb bag
ASG,Mother of Pearl,#1,glass,tumbled_terrazzo,1lb bag,ASG Retail Price List JAN-22.pdf,Parsed from tumbled terrazzo glass sheet,5.34,1lb bag
ASG,Mother of Pearl,#1,glass,tumbled_terrazzo,25lb bag,ASG Retail Price List JAN-22.pdf,Parsed from tumbled terrazzo glass sheet,82.0,25lb bag
ASG,Mother of Pearl,#1,glass,tumbled_terrazzo,50lb bag,ASG Retail Price List JAN-22.pdf,Parsed from tumbled terrazzo glass sheet,138.0,50lb bag
ASG,Mother of Pearl,#1,glass,tumbled_terrazzo,5lb bag,ASG Retail Price List JAN-22.pdf,Parsed from tumbled terrazzo glass sheet,21.55,5lb bag
ASG,Mother of Pearl,#2,glass,tumbled_terrazzo,,ASG Retail Price List JAN-22.pdf,,,
ASG,Mother of Pearl,#2,glass,tumbled_terrazzo,10lb bag,ASG Retail Price List JAN-22.pdf,Parsed from tumbled terrazzo glass sheet,37.9,10lb bag
ASG,Mother of Pearl,#2,glass,tumbled_terrazzo,1lb bag,ASG Retail Price List JAN-22.pdf,Parsed from tumbled terrazzo glass sheet,5.34,1lb bag
ASG,Mother of Pearl,#2,glass,tumbled_terrazzo,25lb bag,ASG Retail Price List JAN-22.pdf,Parsed from tumbled terrazzo glass sheet,82.0,25lb bag
ASG,Mother of Pearl,#2,glass,tumbled_terrazzo,50lb bag,ASG Retail Price List JAN-22.pdf,Parsed from tumbled terrazzo glass sheet,138.0,50lb bag
ASG,Mother of Pearl,#2,glass,tumbled_terrazzo,5lb bag,ASG Retail Price List JAN-22.pdf,Parsed from tumbled terrazzo glass sheet,21.55,5lb bag
ASG,Mother of Pearl,#3,glass,tumbled_terrazzo,,ASG Retail Price List JAN-22.pdf,,,
ASG,Mother of Pearl,#3,glass,tumbled_terrazzo,10lb bag,ASG Retail Price List JAN-22.pdf,Parsed from tumbled terrazzo glass sheet,37.9,10lb bag
ASG,Mother of Pearl,#3,glass,tumbled_terrazzo,1lb bag,ASG Retail Price List JAN-22.pdf,Parsed from tumbled terrazzo glass sheet,5.34,1lb bag
ASG,Mother of Pearl,#3,glass,tumbled_terrazzo,25lb bag,ASG Retail Price List JAN-22.pdf,Parsed from tumbled terrazzo glass sheet,82.0,25lb bag
ASG,Mother of Pearl,#3,glass,tumbled_terrazzo,50lb bag,ASG Retail Price List JAN-22.pdf,Parsed from tumbled terrazzo glass sheet,138.0,50lb bag
ASG,Mother of Pearl,#3,glass,tumbled_terrazzo,5lb bag,ASG Retail Price List JAN-22.pdf,Parsed from tumbled terrazzo glass sheet,21.55,5lb bag
ASG,Orange,Large,glass,tumbled_landscape,,ASG Retail Price List JAN-22.pdf,,,
ASG,Orange,Medium,glass,tumbled_landscape,,ASG Retail Price List JAN-22.pdf,,,
ASG,Orange,Small,glass,tumbled_landscape,,ASG Retail Price List JAN-22.pdf,,,
ASG,Pineapple,#1,glass,bean_pebble,,ASG Retail Price List JAN-22.pdf,,,
ASG,Pineapple,#2,glass,bean_pebble,,ASG Retail Price List JAN-22.pdf,,,
ASG,Pineapple,#3,glass,bean_pebble,,ASG Retail Price List JAN-22.pdf,,,
ASG,Pineapple,Medium,glass,bean_pebble,,ASG Retail Price List JAN-22.pdf,,,
ASG,Pineapple Iridescent,#1,glass,bean_pebble_iridescent,,ASG Retail Price List JAN-22.pdf,,,
ASG,Pineapple Iridescent,#2,glass,bean_pebble_iridescent,,ASG Retail Price List JAN-22.pdf,,,
ASG,Pineapple Iridescent,#3,glass,bean_pebble_iridescent,,ASG Retail Price List JAN-22.pdf,,,
ASG,Pineapple Iridescent,Medium,glass,bean_pebble_iridescent,,ASG Retail Price List JAN-22.pdf,,,
ASG,Purple,#0,glass,tumbled_terrazzo,,ASG Retail Price List JAN-22.pdf,,,
ASG,Purple,#0,glass,tumbled_terrazzo,10lb bag,ASG Retail Price List JAN-22.pdf,Parsed from tumbled terrazzo glass sheet,36.4,10lb bag
ASG,Purple,#0,glass,tumbled_terrazzo,1lb bag,ASG Retail Price List JAN-22.pdf,Parsed from tumbled terrazzo glass sheet,5.19,1lb bag
ASG,Purple,#0,glass,tumbled_terrazzo,25lb bag,ASG Retail Price List JAN-22.pdf,Parsed from tumbled terrazzo glass sheet,78.25,25lb bag
ASG,Purple,#0,glass,tumbled_terrazzo,50lb bag,ASG Retail Price List JAN-22.pdf,Parsed from tumbled terrazzo glass sheet,130.5,50lb bag
ASG,Purple,#0,glass,tumbled_terrazzo,5lb bag,ASG Retail Price List JAN-22.pdf,Parsed from tumbled terrazzo glass sheet,20.8,5lb bag
ASG,Purple,#00,glass,tumbled_terrazzo,,ASG Retail Price List JAN-22.pdf,,,
ASG,Purple,#1,glass,tumbled_terrazzo,,ASG Retail Price List JAN-22.pdf,,,
ASG,Purple,#1,glass,tumbled_terrazzo,10lb bag,ASG Retail Price List JAN-22.pdf,Parsed from tumbled terrazzo glass sheet,36.4,10lb bag
ASG,Purple,#1,glass,tumbled_terrazzo,1lb bag,ASG Retail Price List JAN-22.pdf,Parsed from tumbled terrazzo glass sheet,5.19,1lb bag
ASG,Purple,#1,glass,tumbled_terrazzo,25lb bag,ASG Retail Price List JAN-22.pdf,Parsed from tumbled terrazzo glass sheet,78.25,25lb bag
ASG,Purple,#1,glass,tumbled_terrazzo,50lb bag,ASG Retail Price List JAN-22.pdf,Parsed from tumbled terrazzo glass sheet,130.5,50lb bag
ASG,Purple,#1,glass,tumbled_terrazzo,5lb bag,ASG Retail Price List JAN-22.pdf,Parsed from tumbled terrazzo glass sheet,20.8,5lb bag
ASG,Purple,#2,glass,tumbled_terrazzo,,ASG Retail Price List JAN-22.pdf,,,
ASG,Purple,#2,glass,tumbled_terrazzo,10lb bag,ASG Retail Price List JAN-22.pdf,Parsed from tumbled terrazzo glass sheet,36.4,10lb bag
ASG,Purple,#2,glass,tumbled_terrazzo,1lb bag,ASG Retail Price List JAN-22.pdf,Parsed from tumbled terrazzo glass sheet,5.19,1lb bag
ASG,Purple,#2,glass,tumbled_terrazzo,25lb bag,ASG Retail Price List JAN-22.pdf,Parsed from tumbled terrazzo glass sheet,78.25,25lb bag
ASG,Purple,#2,glass,tumbled_terrazzo,50lb bag,ASG Retail Price List JAN-22.pdf,Parsed from tumbled terrazzo glass sheet,130.5,50lb bag
ASG,Purple,#2,glass,tumbled_terrazzo,5lb bag,ASG Retail Price List JAN-22.pdf,Parsed from tumbled terrazzo glass sheet,20.8,5lb bag
ASG,Purple,#3,glass,tumbled_terrazzo,,ASG Retail Price List JAN-22.pdf,,,
ASG,Purple,#3,glass,tumbled_terrazzo,10lb bag,ASG Retail Price List JAN-22.pdf,Parsed from tumbled terrazzo glass sheet,36.4,10lb bag
ASG,Purple,#3,glass,tumbled_terrazzo,1lb bag,ASG Retail Price List JAN-22.pdf,Parsed from tumbled terrazzo glass sheet,5.19,1lb bag
ASG,Purple,#3,glass,tumbled_terrazzo,25lb bag,ASG Retail Price List JAN-22.pdf,Parsed from tumbled terrazzo glass sheet,78.25,25lb bag
ASG,Purple,#3,glass,tumbled_terrazzo,50lb bag,ASG Retail Price List JAN-22.pdf,Parsed from tumbled terrazzo glass sheet,130.5,50lb bag
ASG,Purple,#3,glass,tumbled_terrazzo,5lb bag,ASG Retail Price List JAN-22.pdf,Parsed from tumbled terrazzo glass sheet,20.8,5lb bag
ASG,Purple,Large,glass,tumbled_landscape,,ASG Retail Price List JAN-22.pdf,,,
ASG,Purple,Medium,glass,tumbled_landscape,,ASG Retail Price List JAN-22.pdf,,,
ASG,Purple,Small,glass,tumbled_landscape,,ASG Retail Price List JAN-22.pdf,,,
ASG,Red,Large,glass,tumbled_landscape,,ASG Retail Price List JAN-22.pdf,,,
ASG,Red,Medium,glass,tumbled_landscape,,ASG Retail Price List JAN-22.pdf,,,
ASG,Red,Small,glass,tumbled_landscape,,ASG Retail Price List JAN-22.pdf,,,
ASG,Red Frosted,Medium,glass,frosted_glass,,ASG Retail Price List JAN-22.pdf,,,
ASG,River Mix,Large,glass,tumbled_landscape,,ASG Retail Price List JAN-22.pdf,,,
ASG,River Mix,Medium,glass,tumbled_landscape,,ASG Retail Price List JAN-22.pdf,,,
ASG,River Mix,Small,glass,tumbled_landscape,,ASG Retail Price List JAN-22.pdf,,,
ASG,Root Beer,#1,glass,bean_pebble,,ASG Retail Price List JAN-22.pdf,,,
ASG,Root Beer,#2,glass,bean_pebble,,ASG Retail Price List JAN-22.pdf,,,
ASG,Root Beer,#3,glass,bean_pebble,,ASG Retail Price List JAN-22.pdf,,,
ASG,Root Beer,Medium,glass,bean_pebble,,ASG Retail Price List JAN-22.pdf,,,
ASG,Root Beer Iridescent,#1,glass,bean_pebble_iridescent,,ASG Retail Price List JAN-22.pdf,,,
ASG,Root Beer Iridescent,#2,glass,bean_pebble_iridescent,,ASG Retail Price List JAN-22.pdf,,,
ASG,Root Beer Iridescent,#3,glass,bean_pebble_iridescent,,ASG Retail Price List JAN-22.pdf,,,
ASG,Root Beer Iridescent,Medium,glass,bean_pebble_iridescent,,ASG Retail Price List JAN-22.pdf,,,
ASG,Strawberry,#1,glass,bean_pebble,,ASG Retail Price List JAN-22.pdf,,,
ASG,Strawberry,#2,glass,bean_pebble,,ASG Retail Price List JAN-22.pdf,,,
ASG,Strawberry,#3,glass,bean_pebble,,ASG Retail Price List JAN-22.pdf,,,
ASG,Strawberry,Medium,glass,bean_pebble,,ASG Retail Price List JAN-22.pdf,,,
ASG,Strawberry Iridescent,#1,glass,bean_pebble_iridescent,,ASG Retail Price List JAN-22.pdf,,,
ASG,Strawberry Iridescent,#2,glass,bean_pebble_iridescent,,ASG Retail Price List JAN-22.pdf,,,
ASG,Strawberry Iridescent,#3,glass,bean_pebble_iridescent,,ASG Retail Price List JAN-22.pdf,,,
ASG,Strawberry Iridescent,Medium,glass,bean_pebble_iridescent,,ASG Retail Price List JAN-22.pdf,,,
ASG,Sunshine Mix,Large,glass,tumbled_landscape,,ASG Retail Price List JAN-22.pdf,,,
ASG,Sunshine Mix,Medium,glass,tumbled_landscape,,ASG Retail Price List JAN-22.pdf,,,
ASG,Sunshine Mix,Small,glass,tumbled_landscape,,ASG Retail Price List JAN-22.pdf,,,
ASG,Tangerine,#1,glass,bean_pebble,,ASG Retail Price List JAN-22.pdf,,,
ASG,Tangerine,#2,glass,bean_pebble,,ASG Retail Price List JAN-22.pdf,,,
ASG,Tangerine,#3,glass,bean_pebble,,ASG Retail Price List JAN-22.pdf,,,
ASG,Tangerine,Medium,glass,bean_pebble,,ASG Retail Price List JAN-22.pdf,,,
ASG,Teal,#0,glass,tumbled_terrazzo,,ASG Retail Price List JAN-22.pdf,,,
ASG,Teal,#0,glass,tumbled_terrazzo,10lb bag,ASG Retail Price List JAN-22.pdf,Parsed from tumbled terrazzo glass sheet,36.4,10lb bag
ASG,Teal,#0,glass,tumbled_terrazzo,1lb bag,ASG Retail Price List JAN-22.pdf,Parsed from tumbled terrazzo glass sheet,5.19,1lb bag
ASG,Teal,#0,glass,tumbled_terrazzo,25lb bag,ASG Retail Price List JAN-22.pdf,Parsed from tumbled terrazzo glass sheet,78.25,25lb bag
ASG,Teal,#0,glass,tumbled_terrazzo,50lb bag,ASG Retail Price List JAN-22.pdf,Parsed from tumbled terrazzo glass sheet,130.5,50lb bag
ASG,Teal,#0,glass,tumbled_terrazzo,5lb bag,ASG Retail Price List JAN-22.pdf,Parsed from tumbled terrazzo glass sheet,20.8,5lb bag
ASG,Teal,#00,glass,tumbled_terrazzo,,ASG Retail Price List JAN-22.pdf,,,
ASG,Teal,#1,glass,tumbled_terrazzo,,ASG Retail Price List JAN-22.pdf,,,
ASG,Teal,#1,glass,tumbled_terrazzo,10lb bag,ASG Retail Price List JAN-22.pdf,Parsed from tumbled terrazzo glass sheet,36.4,10lb bag
ASG,Teal,#1,glass,tumbled_terrazzo,1lb bag,ASG Retail Price List JAN-22.pdf,Parsed from tumbled terrazzo glass sheet,5.19,1lb bag
ASG,Teal,#1,glass,tumbled_terrazzo,25lb bag,ASG Retail Price List JAN-22.pdf,Parsed from tumbled terrazzo glass sheet,78.25,25lb bag
ASG,Teal,#1,glass,tumbled_terrazzo,50lb bag,ASG Retail Price List JAN-22.pdf,Parsed from tumbled terrazzo glass sheet,130.5,50lb bag
ASG,Teal,#1,glass,tumbled_terrazzo,5lb bag,ASG Retail Price List JAN-22.pdf,Parsed from tumbled terrazzo glass sheet,20.8,5lb bag
ASG,Teal,#2,glass,tumbled_terrazzo,,ASG Retail Price List JAN-22.pdf,,,
ASG,Teal,#2,glass,tumbled_terrazzo,10lb bag,ASG Retail Price List JAN-22.pdf,Parsed from tumbled terrazzo glass sheet,36.4,10lb bag
ASG,Teal,#2,glass,tumbled_terrazzo,1lb bag,ASG Retail Price List JAN-22.pdf,Parsed from tumbled terrazzo glass sheet,5.19,1lb bag
ASG,Teal,#2,glass,tumbled_terrazzo,25lb bag,ASG Retail Price List JAN-22.pdf,Parsed from tumbled terrazzo glass sheet,78.25,25lb bag
ASG,Teal,#2,glass,tumbled_terrazzo,50lb bag,ASG Retail Price List JAN-22.pdf,Parsed from tumbled terrazzo glass sheet,130.5,50lb bag
ASG,Teal,#2,glass,tumbled_terrazzo,5lb bag,ASG Retail Price List JAN-22.pdf,Parsed from tumbled terrazzo glass sheet,20.8,5lb bag
ASG,Teal,#3,glass,tumbled_terrazzo,,ASG Retail Price List JAN-22.pdf,,,
ASG,Teal,#3,glass,tumbled_terrazzo,10lb bag,ASG Retail Price List JAN-22.pdf,Parsed from tumbled terrazzo glass sheet,36.4,10lb bag
ASG,Teal,#3,glass,tumbled_terrazzo,1lb bag,ASG Retail Price List JAN-22.pdf,Parsed from tumbled terrazzo glass sheet,5.19,1lb bag
ASG,Teal,#3,glass,tumbled_terrazzo,25lb bag,ASG Retail Price List JAN-22.pdf,Parsed from tumbled terrazzo glass sheet,78.25,25lb bag
ASG,Teal,#3,glass,tumbled_terrazzo,50lb bag,ASG Retail Price List JAN-22.pdf,Parsed from tumbled terrazzo glass sheet,130.5,50lb bag
ASG,Teal,#3,glass,tumbled_terrazzo,5lb bag,ASG Retail Price List JAN-22.pdf,Parsed from tumbled terrazzo glass sheet,20.8,5lb bag
ASG,Teal Frosted,Medium,glass,frosted_glass,,ASG Retail Price List JAN-22.pdf,,,
ASG,Turquoise,#0,glass,tumbled_terrazzo,,ASG Retail Price List JAN-22.pdf,,,
ASG,Turquoise,#0,glass,tumbled_terrazzo,10lb bag,ASG Retail Price List JAN-22.pdf,Parsed from tumbled terrazzo glass sheet,36.4,10lb bag
ASG,Turquoise,#0,glass,tumbled_terrazzo,1lb bag,ASG Retail Price List JAN-22.pdf,Parsed from tumbled terrazzo glass sheet,5.19,1lb bag
ASG,Turquoise,#0,glass,tumbled_terrazzo,25lb bag,ASG Retail Price List JAN-22.pdf,Parsed from tumbled terrazzo glass sheet,78.25,25lb bag
ASG,Turquoise,#0,glass,tumbled_terrazzo,50lb bag,ASG Retail Price List JAN-22.pdf,Parsed from tumbled terrazzo glass sheet,130.5,50lb bag
ASG,Turquoise,#0,glass,tumbled_terrazzo,5lb bag,ASG Retail Price List JAN-22.pdf,Parsed from tumbled terrazzo glass sheet,20.8,5lb bag
ASG,Turquoise,#00,glass,tumbled_terrazzo,,ASG Retail Price List JAN-22.pdf,,,
ASG,Turquoise,#1,glass,tumbled_terrazzo,,ASG Retail Price List JAN-22.pdf,,,
ASG,Turquoise,#1,glass,tumbled_terrazzo,10lb bag,ASG Retail Price List JAN-22.pdf,Parsed from tumbled terrazzo glass sheet,36.4,10lb bag
ASG,Turquoise,#1,glass,tumbled_terrazzo,1lb bag,ASG Retail Price List JAN-22.pdf,Parsed from tumbled terrazzo glass sheet,5.19,1lb bag
ASG,Turquoise,#1,glass,tumbled_terrazzo,25lb bag,ASG Retail Price List JAN-22.pdf,Parsed from tumbled terrazzo glass sheet,78.25,25lb bag
ASG,Turquoise,#1,glass,tumbled_terrazzo,50lb bag,ASG Retail Price List JAN-22.pdf,Parsed from tumbled terrazzo glass sheet,130.5,50lb bag
ASG,Turquoise,#1,glass,tumbled_terrazzo,5lb bag,ASG Retail Price List JAN-22.pdf,Parsed from tumbled terrazzo glass sheet,20.8,5lb bag
ASG,Turquoise,#2,glass,tumbled_terrazzo,,ASG Retail Price List JAN-22.pdf,,,
ASG,Turquoise,#2,glass,tumbled_terrazzo,10lb bag,ASG Retail Price List JAN-22.pdf,Parsed from tumbled terrazzo glass sheet,36.4,10lb bag
ASG,Turquoise,#2,glass,tumbled_terrazzo,1lb bag,ASG Retail Price List JAN-22.pdf,Parsed from tumbled terrazzo glass sheet,5.19,1lb bag
ASG,Turquoise,#2,glass,tumbled_terrazzo,25lb bag,ASG Retail Price List JAN-22.pdf,Parsed from tumbled terrazzo glass sheet,78.25,25lb bag
ASG,Turquoise,#2,glass,tumbled_terrazzo,50lb bag,ASG Retail Price List JAN-22.pdf,Parsed from tumbled terrazzo glass sheet,130.5,50lb bag
ASG,Turquoise,#2,glass,tumbled_terrazzo,5lb bag,ASG Retail Price List JAN-22.pdf,Parsed from tumbled terrazzo glass sheet,20.8,5lb bag
ASG,Turquoise,#3,glass,tumbled_terrazzo,,ASG Retail Price List JAN-22.pdf,,,
ASG,Turquoise,#3,glass,tumbled_terrazzo,10lb bag,ASG Retail Price List JAN-22.pdf,Parsed from tumbled terrazzo glass sheet,36.4,10lb bag
ASG,Turquoise,#3,glass,tumbled_terrazzo,1lb bag,ASG Retail Price List JAN-22.pdf,Parsed from tumbled terrazzo glass sheet,5.19,1lb bag
ASG,Turquoise,#3,glass,tumbled_terrazzo,25lb bag,ASG Retail Price List JAN-22.pdf,Parsed from tumbled terrazzo glass sheet,78.25,25lb bag
ASG,Turquoise,#3,glass,tumbled_terrazzo,50lb bag,ASG Retail Price List JAN-22.pdf,Parsed from tumbled terrazzo glass sheet,130.5,50lb bag
ASG,Turquoise,#3,glass,tumbled_terrazzo,5lb bag,ASG Retail Price List JAN-22.pdf,Parsed from tumbled terrazzo glass sheet,20.8,5lb bag
ASG,Turquoise,Large,glass,tumbled_landscape,,ASG Retail Price List JAN-22.pdf,,,
ASG,Turquoise,Medium,glass,tumbled_landscape,,ASG Retail Price List JAN-22.pdf,,,
ASG,Turquoise,Small,glass,tumbled_landscape,,ASG Retail Price List JAN-22.pdf,,,
ASG,Turquoise Frosted,Medium,glass,frosted_glass,,ASG Retail Price List JAN-22.pdf,,,
ASG,White,#0,glass,tumbled_terrazzo,,ASG Retail Price List JAN-22.pdf,,,
ASG,White,#0,glass,tumbled_terrazzo,10lb bag,ASG Retail Price List JAN-22.pdf,Parsed from tumbled terrazzo glass sheet,37.9,10lb bag
ASG,White,#0,glass,tumbled_terrazzo,1lb bag,ASG Retail Price List JAN-22.pdf,Parsed from tumbled terrazzo glass sheet,5.34,1lb bag
ASG,White,#0,glass,tumbled_terrazzo,25lb bag,ASG Retail Price List JAN-22.pdf,Parsed from tumbled terrazzo glass sheet,82.0,25lb bag
ASG,White,#0,glass,tumbled_terrazzo,50lb bag,ASG Retail Price List JAN-22.pdf,Parsed from tumbled terrazzo glass sheet,138.0,50lb bag
ASG,White,#0,glass,tumbled_terrazzo,5lb bag,ASG Retail Price List JAN-22.pdf,Parsed from tumbled terrazzo glass sheet,21.55,5lb bag
ASG,White,#00,glass,tumbled_terrazzo,,ASG Retail Price List JAN-22.pdf,,,
ASG,White,#1,glass,tumbled_terrazzo,,ASG Retail Price List JAN-22.pdf,,,
ASG,White,#1,glass,tumbled_terrazzo,10lb bag,ASG Retail Price List JAN-22.pdf,Parsed from tumbled terrazzo glass sheet,37.9,10lb bag
ASG,White,#1,glass,tumbled_terrazzo,1lb bag,ASG Retail Price List JAN-22.pdf,Parsed from tumbled terrazzo glass sheet,5.34,1lb bag
ASG,White,#1,glass,tumbled_terrazzo,25lb bag,ASG Retail Price List JAN-22.pdf,Parsed from tumbled terrazzo glass sheet,82.0,25lb bag
ASG,White,#1,glass,tumbled_terrazzo,50lb bag,ASG Retail Price List JAN-22.pdf,Parsed from tumbled terrazzo glass sheet,138.0,50lb bag
ASG,White,#1,glass,tumbled_terrazzo,5lb bag,ASG Retail Price List JAN-22.pdf,Parsed from tumbled terrazzo glass sheet,21.55,5lb bag
ASG,White,#2,glass,tumbled_terrazzo,,ASG Retail Price List JAN-22.pdf,,,
ASG,White,#2,glass,tumbled_terrazzo,10lb bag,ASG Retail Price List JAN-22.pdf,Parsed from tumbled terrazzo glass sheet,37.9,10lb bag
ASG,White,#2,glass,tumbled_terrazzo,1lb bag,ASG Retail Price List JAN-22.pdf,Parsed from tumbled terrazzo glass sheet,5.34,1lb bag
ASG,White,#2,glass,tumbled_terrazzo,25lb bag,ASG Retail Price List JAN-22.pdf,Parsed from tumbled terrazzo glass sheet,82.0,25lb bag
ASG,White,#2,glass,tumbled_terrazzo,50lb bag,ASG Retail Price List JAN-22.pdf,Parsed from tumbled terrazzo glass sheet,138.0,50lb bag
ASG,White,#2,glass,tumbled_terrazzo,5lb bag,ASG Retail Price List JAN-22.pdf,Parsed from tumbled terrazzo glass sheet,21.55,5lb bag
ASG,White,#3,glass,tumbled_terrazzo,,ASG Retail Price List JAN-22.pdf,,,
ASG,White,#3,glass,tumbled_terrazzo,10lb bag,ASG Retail Price List JAN-22.pdf,Parsed from tumbled terrazzo glass sheet,37.9,10lb bag
ASG,White,#3,glass,tumbled_terrazzo,1lb bag,ASG Retail Price List JAN-22.pdf,Parsed from tumbled terrazzo glass sheet,5.34,1lb bag
ASG,White,#3,glass,tumbled_terrazzo,25lb bag,ASG Retail Price List JAN-22.pdf,Parsed from tumbled terrazzo glass sheet,82.0,25lb bag
ASG,White,#3,glass,tumbled_terrazzo,50lb bag,ASG Retail Price List JAN-22.pdf,Parsed from tumbled terrazzo glass sheet,138.0,50lb bag
ASG,White,#3,glass,tumbled_terrazzo,5lb bag,ASG Retail Price List JAN-22.pdf,Parsed from tumbled terrazzo glass sheet,21.55,5lb bag
ASG,White,Large,glass,tumbled_landscape,,ASG Retail Price List JAN-22.pdf,,,
ASG,White,Medium,glass,tumbled_landscape,,ASG Retail Price List JAN-22.pdf,,,
ASG,White,Small,glass,tumbled_landscape,,ASG Retail Price List JAN-22.pdf,,,
ASG,Yellow,Large,glass,tumbled_landscape,,ASG Retail Price List JAN-22.pdf,,,
ASG,Yellow,Medium,glass,tumbled_landscape,,ASG Retail Price List JAN-22.pdf,,,
ASG,Yellow,Small,glass,tumbled_landscape,,ASG Retail Price List JAN-22.pdf,,,
Arim,Abalone,#0,specialty,mother_of_pearl,,2024 Arim Inc. Price List 06.14.24.pdf,,310.0,less than pallet order
Arim,Abalone,#1,specialty,mother_of_pearl,,2024 Arim Inc. Price List 06.14.24.pdf,,310.0,less than pallet order
Arim,Abalone,#2,specialty,mother_of_pearl,,2024 Arim Inc. Price List 06.14.24.pdf,,310.0,less than pallet order
Arim,Alaska White,#0,marble,marble,,2024 Arim Inc. Price List 06.14.24.pdf,,23.3,less than pallet order
Arim,Alaska White,#1,marble,marble,,2024 Arim Inc. Price List 06.14.24.pdf,,23.3,less than pallet order
Arim,Alaska White,#2,marble,marble,,2024 Arim Inc. Price List 06.14.24.pdf,,23.3,less than pallet order
Arim,All Sided Mirror,#0,mirror,coated_glass,,2024 Arim Inc. Price List 06.14.24.pdf,,314.0,less than pallet order
Arim,All Sided Mirror,#1,mirror,coated_glass,,2024 Arim Inc. Price List 06.14.24.pdf,,314.0,less than pallet order
Arim,All Sided Mirror,#2,mirror,coated_glass,,2024 Arim Inc. Price List 06.14.24.pdf,,314.0,less than pallet order
Arim,Amazing White,#0,marble,marble,,2024 Arim Inc. Price List 06.14.24.pdf,,32.5,less than pallet order
Arim,Amazing White,#1,marble,marble,,2024 Arim Inc. Price List 06.14.24.pdf,,32.5,less than pallet order
Arim,Amazing White,#2,marble,marble,,2024 Arim Inc. Price List 06.14.24.pdf,,32.5,less than pallet order
Arim,Amazonite,#0,specialty,semi_precious,,2024 Arim Inc. Price List 06.14.24.pdf,,170.0,less than pallet order
Arim,Amazonite,#1,specialty,semi_precious,,2024 Arim Inc. Price List 06.14.24.pdf,,170.0,less than pallet order
Arim,Amazonite,#2,specialty,semi_precious,,2024 Arim Inc. Price List 06.14.24.pdf,,170.0,less than pallet order
Arim,American Black,#0,marble,marble,,2024 Arim Inc. Price List 06.14.24.pdf,,18.5,less than pallet order
Arim,American Black,#1,marble,marble,,2024 Arim Inc. Price List 06.14.24.pdf,,18.5,less than pallet order
Arim,American Black,#2,marble,marble,,2024 Arim Inc. Price List 06.14.24.pdf,,18.5,less than pallet order
Arim,American Grey,#0,marble,marble,,2024 Arim Inc. Price List 06.14.24.pdf,,18.5,less than pallet order
Arim,American Grey,#1,marble,marble,,2024 Arim Inc. Price List 06.14.24.pdf,,18.5,less than pallet order
Arim,American Grey,#2,marble,marble,,2024 Arim Inc. Price List 06.14.24.pdf,,18.5,less than pallet order
Arim,American White,#0,marble,marble,,2024 Arim Inc. Price List 06.14.24.pdf,,17.8,less than pallet order
Arim,American White,#1,marble,marble,,2024 Arim Inc. Price List 06.14.24.pdf,,17.8,less than pallet order
Arim,American White,#2,marble,marble,,2024 Arim Inc. Price List 06.14.24.pdf,,17.8,less than pallet order
Arim,Amethyst,#0,specialty,semi_precious,,2024 Arim Inc. Price List 06.14.24.pdf,,125.5,less than pallet order
Arim,Amethyst,#1,specialty,semi_precious,,2024 Arim Inc. Price List 06.14.24.pdf,,125.5,less than pallet order
Arim,Amethyst,#2,specialty,semi_precious,,2024 Arim Inc. Price List 06.14.24.pdf,,125.5,less than pallet order
Arim,Aqua Blue,#0,glass,specialty_glass,,2024 Arim Inc. Price List 06.14.24.pdf,,100.0,less than pallet order
Arim,Aqua Blue,#1,glass,specialty_glass,,2024 Arim Inc. Price List 06.14.24.pdf,,100.0,less than pallet order
Arim,Aqua Blue,#2,glass,specialty_glass,,2024 Arim Inc. Price List 06.14.24.pdf,,100.0,less than pallet order
Arim,Arctic White,#0,marble,marble,,2024 Arim Inc. Price List 06.14.24.pdf,,27.5,less than pallet order
Arim,Arctic White,#1,marble,marble,,2024 Arim Inc. Price List 06.14.24.pdf,,27.5,less than pallet order
Arim,Arctic White,#2,marble,marble,,2024 Arim Inc. Price List 06.14.24.pdf,,27.5,less than pallet order
Arim,Arim Black,#0,marble,marble,,2024 Arim Inc. Price List 06.14.24.pdf,,21.5,less than pallet order
Arim,Arim Black,#1,marble,marble,,2024 Arim Inc. Price List 06.14.24.pdf,,21.5,less than pallet order
Arim,Arim Black,#2,marble,marble,,2024 Arim Inc. Price List 06.14.24.pdf,,21.5,less than pallet order
Arim,Arim Blue,#0,marble,marble,,2024 Arim Inc. Price List 06.14.24.pdf,,23.8,less than pallet order
Arim,Arim Blue,#1,marble,marble,,2024 Arim Inc. Price List 06.14.24.pdf,,23.8,less than pallet order
Arim,Arim Blue,#2,marble,marble,,2024 Arim Inc. Price List 06.14.24.pdf,,23.8,less than pallet order
Arim,Arim Blue Coal,#0,marble,marble,,2024 Arim Inc. Price List 06.14.24.pdf,,24.8,less than pallet order
Arim,Arim Blue Coal,#1,marble,marble,,2024 Arim Inc. Price List 06.14.24.pdf,,24.8,less than pallet order
Arim,Arim Blue Coal,#2,marble,marble,,2024 Arim Inc. Price List 06.14.24.pdf,,24.8,less than pallet order
Arim,Arim Gray,#0,marble,marble,,2024 Arim Inc. Price List 06.14.24.pdf,,23.8,less than pallet order
Arim,Arim Gray,#1,marble,marble,,2024 Arim Inc. Price List 06.14.24.pdf,,23.8,less than pallet order
Arim,Arim Gray,#2,marble,marble,,2024 Arim Inc. Price List 06.14.24.pdf,,23.8,less than pallet order
Arim,Arim Green,#0,marble,marble,,2024 Arim Inc. Price List 06.14.24.pdf,,23.0,less than pallet order
Arim,Arim Green,#1,marble,marble,,2024 Arim Inc. Price List 06.14.24.pdf,,23.0,less than pallet order
Arim,Arim Green,#2,marble,marble,,2024 Arim Inc. Price List 06.14.24.pdf,,23.0,less than pallet order
Arim,Arim Pink,#0,marble,marble,,2024 Arim Inc. Price List 06.14.24.pdf,,29.5,less than pallet order
Arim,Arim Pink,#1,marble,marble,,2024 Arim Inc. Price List 06.14.24.pdf,,29.5,less than pallet order
Arim,Arim Pink,#2,marble,marble,,2024 Arim Inc. Price List 06.14.24.pdf,,29.5,less than pallet order
Arim,Arim Red,#0,marble,marble,,2024 Arim Inc. Price List 06.14.24.pdf,,21.5,less than pallet order
Arim,Arim Red,#1,marble,marble,,2024 Arim Inc. Price List 06.14.24.pdf,,21.5,less than pallet order
Arim,Arim Red,#2,marble,marble,,2024 Arim Inc. Price List 06.14.24.pdf,,21.5,less than pallet order
Arim,Arim White,#0,marble,marble,,2024 Arim Inc. Price List 06.14.24.pdf,,22.0,less than pallet order
Arim,Arim White,#1,marble,marble,,2024 Arim Inc. Price List 06.14.24.pdf,,22.0,less than pallet order
Arim,Arim White,#2,marble,marble,,2024 Arim Inc. Price List 06.14.24.pdf,,22.0,less than pallet order
Arim,Arim Yellow,#0,marble,marble,,2024 Arim Inc. Price List 06.14.24.pdf,,24.3,less than pallet order
Arim,Arim Yellow,#1,marble,marble,,2024 Arim Inc. Price List 06.14.24.pdf,,24.3,less than pallet order
Arim,Arim Yellow,#2,marble,marble,,2024 Arim Inc. Price List 06.14.24.pdf,,24.3,less than pallet order
Arim,Aurora Cream,#0,marble,marble,,2024 Arim Inc. Price List 06.14.24.pdf,,26.5,less than pallet order
Arim,Aurora Cream,#1,marble,marble,,2024 Arim Inc. Price List 06.14.24.pdf,,26.5,less than pallet order
Arim,Aurora Cream,#2,marble,marble,,2024 Arim Inc. Price List 06.14.24.pdf,,26.5,less than pallet order
Arim,Azul Bahia,#0,specialty,semi_precious,,2024 Arim Inc. Price List 06.14.24.pdf,,120.0,less than pallet order
Arim,Azul Bahia,#1,specialty,semi_precious,,2024 Arim Inc. Price List 06.14.24.pdf,,120.0,less than pallet order
Arim,Azul Bahia,#2,specialty,semi_precious,,2024 Arim Inc. Price List 06.14.24.pdf,,120.0,less than pallet order
Arim,Azul Macaubas,#0,specialty,semi_precious,,2024 Arim Inc. Price List 06.14.24.pdf,,115.0,less than pallet order
Arim,Azul Macaubas,#1,specialty,semi_precious,,2024 Arim Inc. Price List 06.14.24.pdf,,115.0,less than pallet order
Arim,Azul Macaubas,#2,specialty,semi_precious,,2024 Arim Inc. Price List 06.14.24.pdf,,115.0,less than pallet order
Arim,Black Tourmaline,#0,specialty,semi_precious,,2024 Arim Inc. Price List 06.14.24.pdf,,200.0,less than pallet order
Arim,Black Tourmaline,#1,specialty,semi_precious,,2024 Arim Inc. Price List 06.14.24.pdf,,200.0,less than pallet order
Arim,Black Tourmaline,#2,specialty,semi_precious,,2024 Arim Inc. Price List 06.14.24.pdf,,200.0,less than pallet order
Arim,Blanco Mexicano,#0,marble,marble,,2024 Arim Inc. Price List 06.14.24.pdf,,24.3,less than pallet order
Arim,Blanco Mexicano,#1,marble,marble,,2024 Arim Inc. Price List 06.14.24.pdf,,24.3,less than pallet order
Arim,Blanco Mexicano,#2,marble,marble,,2024 Arim Inc. Price List 06.14.24.pdf,,24.3,less than pallet order
Arim,Blue Bardiglio,#0,marble,marble,,2024 Arim Inc. Price List 06.14.24.pdf,,25.5,less than pallet order
Arim,Blue Bardiglio,#1,marble,marble,,2024 Arim Inc. Price List 06.14.24.pdf,,25.5,less than pallet order
Arim,Blue Bardiglio,#2,marble,marble,,2024 Arim Inc. Price List 06.14.24.pdf,,25.5,less than pallet order
Arim,Blue Gray Marble (NC),#0,marble,marble,,2024 Arim Inc. Price List 06.14.24.pdf,,21.5,less than pallet order
Arim,Blue Gray Marble (NC),#1,marble,marble,,2024 Arim Inc. Price List 06.14.24.pdf,,21.5,less than pallet order
Arim,Blue Gray Marble (NC),#2,marble,marble,,2024 Arim Inc. Price List 06.14.24.pdf,,21.5,less than pallet order
Arim,Boston Cream,#0,marble,marble,,2024 Arim Inc. Price List 06.14.24.pdf,,26.0,less than pallet order
Arim,Boston Cream,#1,marble,marble,,2024 Arim Inc. Price List 06.14.24.pdf,,26.0,less than pallet order
Arim,Boston Cream,#2,marble,marble,,2024 Arim Inc. Price List 06.14.24.pdf,,26.0,less than pallet order
Arim,Café Mocha,#0,marble,marble,,2024 Arim Inc. Price List 06.14.24.pdf,,24.0,less than pallet order
Arim,Café Mocha,#1,marble,marble,,2024 Arim Inc. Price List 06.14.24.pdf,,24.0,less than pallet order
Arim,Café Mocha,#2,marble,marble,,2024 Arim Inc. Price List 06.14.24.pdf,,24.0,less than pallet order
Arim,Canadian Black,#0,marble,marble,,2024 Arim Inc. Price List 06.14.24.pdf,,23.5,less than pallet order
Arim,Canadian Black,#1,marble,marble,,2024 Arim Inc. Price List 06.14.24.pdf,,23.5,less than pallet order
Arim,Canadian Black,#2,marble,marble,,2024 Arim Inc. Price List 06.14.24.pdf,,23.5,less than pallet order
Arim,Canadian Blue Grey Marble,#0,marble,marble,,2024 Arim Inc. Price List 06.14.24.pdf,,24.5,less than pallet order
Arim,Canadian Blue Grey Marble,#1,marble,marble,,2024 Arim Inc. Price List 06.14.24.pdf,,24.5,less than pallet order
Arim,Canadian Blue Grey Marble,#2,marble,marble,,2024 Arim Inc. Price List 06.14.24.pdf,,24.5,less than pallet order
Arim,Canadian Chocolate Marble,#0,marble,marble,,2024 Arim Inc. Price List 06.14.24.pdf,,24.5,less than pallet order
Arim,Canadian Chocolate Marble,#1,marble,marble,,2024 Arim Inc. Price List 06.14.24.pdf,,24.5,less than pallet order
Arim,Canadian Chocolate Marble,#2,marble,marble,,2024 Arim Inc. Price List 06.14.24.pdf,,24.5,less than pallet order
Arim,Canadian Light Buff,#0,marble,marble,,2024 Arim Inc. Price List 06.14.24.pdf,,24.5,less than pallet order
Arim,Canadian Light Buff,#1,marble,marble,,2024 Arim Inc. Price List 06.14.24.pdf,,24.5,less than pallet order
Arim,Canadian Light Buff,#2,marble,marble,,2024 Arim Inc. Price List 06.14.24.pdf,,24.5,less than pallet order
Arim,Canadian Medium Buff,#0,marble,marble,,2024 Arim Inc. Price List 06.14.24.pdf,,24.5,less than pallet order
Arim,Canadian Medium Buff,#1,marble,marble,,2024 Arim Inc. Price List 06.14.24.pdf,,24.5,less than pallet order
Arim,Canadian Medium Buff,#2,marble,marble,,2024 Arim Inc. Price List 06.14.24.pdf,,24.5,less than pallet order
Arim,Canadian Pink,#0,marble,marble,,2024 Arim Inc. Price List 06.14.24.pdf,,23.5,less than pallet order
Arim,Canadian Pink,#1,marble,marble,,2024 Arim Inc. Price List 06.14.24.pdf,,23.5,less than pallet order
Arim,Canadian Pink,#2,marble,marble,,2024 Arim Inc. Price List 06.14.24.pdf,,23.5,less than pallet order
Arim,Canadian Royal Green,#0,marble,marble,,2024 Arim Inc. Price List 06.14.24.pdf,,25.5,less than pallet order
Arim,Canadian Royal Green,#1,marble,marble,,2024 Arim Inc. Price List 06.14.24.pdf,,25.5,less than pallet order
Arim,Canadian Royal Green,#2,marble,marble,,2024 Arim Inc. Price List 06.14.24.pdf,,25.5,less than pallet order
Arim,Canadian White,#0,marble,marble,,2024 Arim Inc. Price List 06.14.24.pdf,,24.5,less than pallet order
Arim,Canadian White,#1,marble,marble,,2024 Arim Inc. Price List 06.14.24.pdf,,24.5,less than pallet order
Arim,Canadian White,#2,marble,marble,,2024 Arim Inc. Price List 06.14.24.pdf,,24.5,less than pallet order
Arim,Cardiff Green Marble (NC),#0,marble,marble,,2024 Arim Inc. Price List 06.14.24.pdf,,,
Arim,Cardiff Green Marble (NC),#1,marble,marble,,2024 Arim Inc. Price List 06.14.24.pdf,,20.0,less than pallet order
Arim,Cardiff Green Marble (NC),#2,marble,marble,,2024 Arim Inc. Price List 06.14.24.pdf,,20.0,less than pallet order
Arim,Champagne,#0,marble,marble,,2024 Arim Inc. Price List 06.14.24.pdf,,26.0,less than pallet order
Arim,Champagne,#1,marble,marble,,2024 Arim Inc. Price List 06.14.24.pdf,,26.0,less than pallet order
Arim,Champagne,#2,marble,marble,,2024 Arim Inc. Price List 06.14.24.pdf,,26.0,less than pallet order
Arim,China White,#0,marble,marble,,2024 Arim Inc. Price List 06.14.24.pdf,,28.5,less than pallet order
Arim,China White,#1,marble,marble,,2024 Arim Inc. Price List 06.14.24.pdf,,28.5,less than pallet order
Arim,China White,#2,marble,marble,,2024 Arim Inc. Price List 06.14.24.pdf,,28.5,less than pallet order
Arim,Coal Crumbles,#0,marble,marble,,2024 Arim Inc. Price List 06.14.24.pdf,,28.5,less than pallet order
Arim,Coal Crumbles,#1,marble,marble,,2024 Arim Inc. Price List 06.14.24.pdf,,28.5,less than pallet order
Arim,Coal Crumbles,#2,marble,marble,,2024 Arim Inc. Price List 06.14.24.pdf,,28.5,less than pallet order
Arim,Cobalt Blue (Fresh),#0,glass,specialty_glass,,2024 Arim Inc. Price List 06.14.24.pdf,,108.0,less than pallet order
Arim,Cobalt Blue (Fresh),#1,glass,specialty_glass,,2024 Arim Inc. Price List 06.14.24.pdf,,108.0,less than pallet order
Arim,Cobalt Blue (Fresh),#2,glass,specialty_glass,,2024 Arim Inc. Price List 06.14.24.pdf,,108.0,less than pallet order
Arim,Cobalt Blue Glitter,#0,glass,glitter_glass,,2024 Arim Inc. Price List 06.14.24.pdf,,100.0,less than pallet order
Arim,Cobalt Blue Glitter,#1,glass,glitter_glass,,2024 Arim Inc. Price List 06.14.24.pdf,,100.0,less than pallet order
Arim,Cobalt Blue Glitter,#2,glass,glitter_glass,,2024 Arim Inc. Price List 06.14.24.pdf,,100.0,less than pallet order
Arim,Coffee Brown,#0,marble,marble,,2024 Arim Inc. Price List 06.14.24.pdf,,23.8,less than pallet order
Arim,Coffee Brown,#1,marble,marble,,2024 Arim Inc. Price List 06.14.24.pdf,,23.8,less than pallet order
Arim,Coffee Brown,#2,marble,marble,,2024 Arim Inc. Price List 06.14.24.pdf,,23.8,less than pallet order
Arim,Copper Glitter,#0,glass,glitter_glass,,2024 Arim Inc. Price List 06.14.24.pdf,,100.0,less than pallet order
Arim,Copper Glitter,#1,glass,glitter_glass,,2024 Arim Inc. Price List 06.14.24.pdf,,100.0,less than pallet order
Arim,Copper Glitter,#2,glass,glitter_glass,,2024 Arim Inc. Price List 06.14.24.pdf,,100.0,less than pallet order
Arim,Dark Bardiglio,#0,marble,marble,,2024 Arim Inc. Price List 06.14.24.pdf,,26.5,less than pallet order
Arim,Dark Bardiglio,#1,marble,marble,,2024 Arim Inc. Price List 06.14.24.pdf,,26.5,less than pallet order
Arim,Dark Bardiglio,#2,marble,marble,,2024 Arim Inc. Price List 06.14.24.pdf,,26.5,less than pallet order
Arim,Dark Grey,#0,glass,specialty_glass,,2024 Arim Inc. Price List 06.14.24.pdf,,100.0,less than pallet order
Arim,Dark Grey,#1,glass,specialty_glass,,2024 Arim Inc. Price List 06.14.24.pdf,,100.0,less than pallet order
Arim,Dark Grey,#2,glass,specialty_glass,,2024 Arim Inc. Price List 06.14.24.pdf,,100.0,less than pallet order
Arim,Dark Red,#0,glass,specialty_glass,,2024 Arim Inc. Price List 06.14.24.pdf,,145.0,less than pallet order
Arim,Dark Red,#1,glass,specialty_glass,,2024 Arim Inc. Price List 06.14.24.pdf,,145.0,less than pallet order
Arim,Dark Red,#2,glass,specialty_glass,,2024 Arim Inc. Price List 06.14.24.pdf,,145.0,less than pallet order
Arim,Dolphin Grey,#0,marble,marble,,2024 Arim Inc. Price List 06.14.24.pdf,,24.3,less than pallet order
Arim,Dolphin Grey,#1,marble,marble,,2024 Arim Inc. Price List 06.14.24.pdf,,24.3,less than pallet order
Arim,Dolphin Grey,#2,marble,marble,,2024 Arim Inc. Price List 06.14.24.pdf,,24.3,less than pallet order
Arim,Emerald Glitter,#0,glass,glitter_glass,,2024 Arim Inc. Price List 06.14.24.pdf,,100.0,less than pallet order
Arim,Emerald Glitter,#1,glass,glitter_glass,,2024 Arim Inc. Price List 06.14.24.pdf,,100.0,less than pallet order
Arim,Emerald Glitter,#2,glass,glitter_glass,,2024 Arim Inc. Price List 06.14.24.pdf,,100.0,less than pallet order
Arim,Forest Green,#0,glass,specialty_glass,,2024 Arim Inc. Price List 06.14.24.pdf,,100.0,less than pallet order
Arim,Forest Green,#1,glass,specialty_glass,,2024 Arim Inc. Price List 06.14.24.pdf,,100.0,less than pallet order
Arim,Forest Green,#2,glass,specialty_glass,,2024 Arim Inc. Price List 06.14.24.pdf,,100.0,less than pallet order
Arim,Foxite,#0,specialty,semi_precious,,2024 Arim Inc. Price List 06.14.24.pdf,,127.1,less than pallet order
Arim,Foxite,#1,specialty,semi_precious,,2024 Arim Inc. Price List 06.14.24.pdf,,127.1,less than pallet order
Arim,Foxite,#2,specialty,semi_precious,,2024 Arim Inc. Price List 06.14.24.pdf,,127.1,less than pallet order
Arim,Frosted Clear,#0,glass,frosted_glass,,2024 Arim Inc. Price List 06.14.24.pdf,,105.0,less than pallet order
Arim,Frosted Clear,#1,glass,frosted_glass,,2024 Arim Inc. Price List 06.14.24.pdf,,105.0,less than pallet order
Arim,Frosted Clear,#2,glass,frosted_glass,,2024 Arim Inc. Price List 06.14.24.pdf,,105.0,less than pallet order
Arim,Frosted Cobalt Blue,#0,glass,frosted_glass,,2024 Arim Inc. Price List 06.14.24.pdf,,110.0,less than pallet order
Arim,Frosted Cobalt Blue,#1,glass,frosted_glass,,2024 Arim Inc. Price List 06.14.24.pdf,,110.0,less than pallet order
Arim,Frosted Cobalt Blue,#2,glass,frosted_glass,,2024 Arim Inc. Price List 06.14.24.pdf,,110.0,less than pallet order
Arim,Frosted Green,#0,glass,frosted_glass,,2024 Arim Inc. Price List 06.14.24.pdf,,105.0,less than pallet order
Arim,Frosted Green,#1,glass,frosted_glass,,2024 Arim Inc. Price List 06.14.24.pdf,,105.0,less than pallet order
Arim,Frosted Green,#2,glass,frosted_glass,,2024 Arim Inc. Price List 06.14.24.pdf,,105.0,less than pallet order
Arim,Frosted Light Aqua Blue,#0,glass,frosted_glass,,2024 Arim Inc. Price List 06.14.24.pdf,,115.0,less than pallet order
Arim,Frosted Light Aqua Blue,#1,glass,frosted_glass,,2024 Arim Inc. Price List 06.14.24.pdf,,115.0,less than pallet order
Arim,Frosted Light Aqua Blue,#2,glass,frosted_glass,,2024 Arim Inc. Price List 06.14.24.pdf,,115.0,less than pallet order
Arim,Frosted Light Turquoise,#0,glass,frosted_glass,,2024 Arim Inc. Price List 06.14.24.pdf,,115.0,less than pallet order
Arim,Frosted Light Turquoise,#1,glass,frosted_glass,,2024 Arim Inc. Price List 06.14.24.pdf,,115.0,less than pallet order
Arim,Frosted Light Turquoise,#2,glass,frosted_glass,,2024 Arim Inc. Price List 06.14.24.pdf,,115.0,less than pallet order
Arim,Frosted Orange,#0,glass,frosted_glass,,2024 Arim Inc. Price List 06.14.24.pdf,,140.0,less than pallet order
Arim,Frosted Orange,#1,glass,frosted_glass,,2024 Arim Inc. Price List 06.14.24.pdf,,140.0,less than pallet order
Arim,Frosted Orange,#2,glass,frosted_glass,,2024 Arim Inc. Price List 06.14.24.pdf,,140.0,less than pallet order
Arim,Frosted Purple,#0,glass,frosted_glass,,2024 Arim Inc. Price List 06.14.24.pdf,,115.0,less than pallet order
Arim,Frosted Purple,#1,glass,frosted_glass,,2024 Arim Inc. Price List 06.14.24.pdf,,115.0,less than pallet order
Arim,Frosted Purple,#2,glass,frosted_glass,,2024 Arim Inc. Price List 06.14.24.pdf,,115.0,less than pallet order
Arim,Frosted Red,#0,glass,frosted_glass,,2024 Arim Inc. Price List 06.14.24.pdf,,140.0,less than pallet order
Arim,Frosted Red,#1,glass,frosted_glass,,2024 Arim Inc. Price List 06.14.24.pdf,,140.0,less than pallet order
Arim,Frosted Red,#2,glass,frosted_glass,,2024 Arim Inc. Price List 06.14.24.pdf,,140.0,less than pallet order
Arim,Frosted Turquoise,#0,glass,frosted_glass,,2024 Arim Inc. Price List 06.14.24.pdf,,115.0,less than pallet order
Arim,Frosted Turquoise,#1,glass,frosted_glass,,2024 Arim Inc. Price List 06.14.24.pdf,,115.0,less than pallet order
Arim,Frosted Turquoise,#2,glass,frosted_glass,,2024 Arim Inc. Price List 06.14.24.pdf,,115.0,less than pallet order
Arim,Frosted Yellow,#0,glass,frosted_glass,,2024 Arim Inc. Price List 06.14.24.pdf,,135.0,less than pallet order
Arim,Frosted Yellow,#1,glass,frosted_glass,,2024 Arim Inc. Price List 06.14.24.pdf,,135.0,less than pallet order
Arim,Frosted Yellow,#2,glass,frosted_glass,,2024 Arim Inc. Price List 06.14.24.pdf,,135.0,less than pallet order
Arim,Georgia White,#0,marble,marble,,2024 Arim Inc. Price List 06.14.24.pdf,,18.5,less than pallet order
Arim,Georgia White,#1,marble,marble,,2024 Arim Inc. Price List 06.14.24.pdf,,18.5,less than pallet order
Arim,Georgia White,#2,marble,marble,,2024 Arim Inc. Price List 06.14.24.pdf,,18.5,less than pallet order
Arim,Glimmer,#0,specialty,semi_precious,,2024 Arim Inc. Price List 06.14.24.pdf,,141.5,less than pallet order
Arim,Glimmer,#1,specialty,semi_precious,,2024 Arim Inc. Price List 06.14.24.pdf,,141.5,less than pallet order
Arim,Glimmer,#2,specialty,semi_precious,,2024 Arim Inc. Price List 06.14.24.pdf,,141.5,less than pallet order
Arim,Glow in Dark,#0,glass,specialty_glass,,2024 Arim Inc. Price List 06.14.24.pdf,,,
Arim,Glow in Dark,#1,glass,specialty_glass,,2024 Arim Inc. Price List 06.14.24.pdf,,,
Arim,Glow in Dark,#2,glass,specialty_glass,,2024 Arim Inc. Price List 06.14.24.pdf,,,
Arim,Gold Coated,#0,mirror,coated_glass,,2024 Arim Inc. Price List 06.14.24.pdf,,120.0,less than pallet order
Arim,Gold Coated,#1,mirror,coated_glass,,2024 Arim Inc. Price List 06.14.24.pdf,,120.0,less than pallet order
Arim,Gold Coated,#2,mirror,coated_glass,,2024 Arim Inc. Price List 06.14.24.pdf,,120.0,less than pallet order
Arim,Gold Glitter,#0,glass,glitter_glass,,2024 Arim Inc. Price List 06.14.24.pdf,,120.0,less than pallet order
Arim,Gold Glitter,#1,glass,glitter_glass,,2024 Arim Inc. Price List 06.14.24.pdf,,120.0,less than pallet order
Arim,Gold Glitter,#2,glass,glitter_glass,,2024 Arim Inc. Price List 06.14.24.pdf,,120.0,less than pallet order
Arim,Golden Amber,#0,glass,specialty_glass,,2024 Arim Inc. Price List 06.14.24.pdf,,100.0,less than pallet order
Arim,Golden Amber,#1,glass,specialty_glass,,2024 Arim Inc. Price List 06.14.24.pdf,,100.0,less than pallet order
Arim,Golden Amber,#2,glass,specialty_glass,,2024 Arim Inc. Price List 06.14.24.pdf,,100.0,less than pallet order
Arim,Gray Genoa,#0,marble,marble,,2024 Arim Inc. Price List 06.14.24.pdf,,25.5,less than pallet order
Arim,Gray Genoa,#1,marble,marble,,2024 Arim Inc. Price List 06.14.24.pdf,,25.5,less than pallet order
Arim,Gray Genoa,#2,marble,marble,,2024 Arim Inc. Price List 06.14.24.pdf,,25.5,less than pallet order
Arim,Green Aventurine,#0,specialty,semi_precious,,2024 Arim Inc. Price List 06.14.24.pdf,,140.0,less than pallet order
Arim,Green Aventurine,#1,specialty,semi_precious,,2024 Arim Inc. Price List 06.14.24.pdf,,140.0,less than pallet order
Arim,Green Aventurine,#2,specialty,semi_precious,,2024 Arim Inc. Price List 06.14.24.pdf,,140.0,less than pallet order
Arim,Green Jade,#0,specialty,semi_precious,,2024 Arim Inc. Price List 06.14.24.pdf,,89.9,less than pallet order
Arim,Green Jade,#1,specialty,semi_precious,,2024 Arim Inc. Price List 06.14.24.pdf,,89.9,less than pallet order
Arim,Green Jade,#2,specialty,semi_precious,,2024 Arim Inc. Price List 06.14.24.pdf,,89.9,less than pallet order
Arim,Green Onyx,#0,specialty,semi_precious,,2024 Arim Inc. Price List 06.14.24.pdf,,122.9,less than pallet order
Arim,Green Onyx,#1,specialty,semi_precious,,2024 Arim Inc. Price List 06.14.24.pdf,,122.9,less than pallet order
Arim,Green Onyx,#2,specialty,semi_precious,,2024 Arim Inc. Price List 06.14.24.pdf,,122.9,less than pallet order
Arim,Hematite,#0,specialty,semi_precious,,2024 Arim Inc. Price List 06.14.24.pdf,,250.0,less than pallet order
Arim,Hematite,#1,specialty,semi_precious,,2024 Arim Inc. Price List 06.14.24.pdf,,250.0,less than pallet order
Arim,Hematite,#2,specialty,semi_precious,,2024 Arim Inc. Price List 06.14.24.pdf,,250.0,less than pallet order
Arim,Honey Onyx,#0,specialty,semi_precious,,2024 Arim Inc. Price List 06.14.24.pdf,,111.9,less than pallet order
Arim,Honey Onyx,#1,specialty,semi_precious,,2024 Arim Inc. Price List 06.14.24.pdf,,111.9,less than pallet order
Arim,Honey Onyx,#2,specialty,semi_precious,,2024 Arim Inc. Price List 06.14.24.pdf,,111.9,less than pallet order
Arim,Indian Grey,#0,marble,marble,,2024 Arim Inc. Price List 06.14.24.pdf,,29.5,less than pallet order
Arim,Indian Grey,#1,marble,marble,,2024 Arim Inc. Price List 06.14.24.pdf,,29.5,less than pallet order
Arim,Indian Grey,#2,marble,marble,,2024 Arim Inc. Price List 06.14.24.pdf,,29.5,less than pallet order
Arim,Italian Black,#0,marble,marble,,2024 Arim Inc. Price List 06.14.24.pdf,,24.5,less than pallet order
Arim,Italian Black,#1,marble,marble,,2024 Arim Inc. Price List 06.14.24.pdf,,24.5,less than pallet order
Arim,Italian Black,#2,marble,marble,,2024 Arim Inc. Price List 06.14.24.pdf,,24.5,less than pallet order
Arim,Italian Botticino,#0,marble,marble,,2024 Arim Inc. Price List 06.14.24.pdf,,25.5,less than pallet order
Arim,Italian Botticino,#1,marble,marble,,2024 Arim Inc. Price List 06.14.24.pdf,,25.5,less than pallet order
Arim,Italian Botticino,#2,marble,marble,,2024 Arim Inc. Price List 06.14.24.pdf,,25.5,less than pallet order
Arim,Italian Carnico Gray,#0,marble,marble,,2024 Arim Inc. Price List 06.14.24.pdf,,29.5,less than pallet order
Arim,Italian Carnico Gray,#1,marble,marble,,2024 Arim Inc. Price List 06.14.24.pdf,,29.5,less than pallet order
Arim,Italian Carnico Gray,#2,marble,marble,,2024 Arim Inc. Price List 06.14.24.pdf,,29.5,less than pallet order
Arim,Italian Light Beige,#0,marble,marble,,2024 Arim Inc. Price List 06.14.24.pdf,,25.5,less than pallet order
Arim,Italian Light Beige,#1,marble,marble,,2024 Arim Inc. Price List 06.14.24.pdf,,25.5,less than pallet order
Arim,Italian Light Beige,#2,marble,marble,,2024 Arim Inc. Price List 06.14.24.pdf,,25.5,less than pallet order
Arim,Italian Perfect White,#0,marble,marble,,2024 Arim Inc. Price List 06.14.24.pdf,,24.5,less than pallet order
Arim,Italian Perfect White,#1,marble,marble,,2024 Arim Inc. Price List 06.14.24.pdf,,24.5,less than pallet order
Arim,Italian Perfect White,#2,marble,marble,,2024 Arim Inc. Price List 06.14.24.pdf,,24.5,less than pallet order
Arim,Italian Rose,#0,marble,marble,,2024 Arim Inc. Price List 06.14.24.pdf,,24.5,less than pallet order
Arim,Italian Rose,#1,marble,marble,,2024 Arim Inc. Price List 06.14.24.pdf,,24.5,less than pallet order
Arim,Italian Rose,#2,marble,marble,,2024 Arim Inc. Price List 06.14.24.pdf,,24.5,less than pallet order
Arim,Italian Yellow Siena,#0,marble,marble,,2024 Arim Inc. Price List 06.14.24.pdf,,25.5,less than pallet order
Arim,Italian Yellow Siena,#1,marble,marble,,2024 Arim Inc. Price List 06.14.24.pdf,,25.5,less than pallet order
Arim,Italian Yellow Siena,#2,marble,marble,,2024 Arim Inc. Price List 06.14.24.pdf,,25.5,less than pallet order
Arim,Ivory Cream,#0,marble,marble,,2024 Arim Inc. Price List 06.14.24.pdf,,29.5,less than pallet order
Arim,Ivory Cream,#1,marble,marble,,2024 Arim Inc. Price List 06.14.24.pdf,,29.5,less than pallet order
Arim,Ivory Cream,#2,marble,marble,,2024 Arim Inc. Price List 06.14.24.pdf,,29.5,less than pallet order
Arim,Jersey Cream,#0,marble,marble,,2024 Arim Inc. Price List 06.14.24.pdf,,24.3,less than pallet order
Arim,Jersey Cream,#1,marble,marble,,2024 Arim Inc. Price List 06.14.24.pdf,,24.3,less than pallet order
Arim,Jersey Cream,#2,marble,marble,,2024 Arim Inc. Price List 06.14.24.pdf,,24.3,less than pallet order
Arim,Labradorite,#0,specialty,semi_precious,,2024 Arim Inc. Price List 06.14.24.pdf,,180.0,less than pallet order
Arim,Labradorite,#1,specialty,semi_precious,,2024 Arim Inc. Price List 06.14.24.pdf,,180.0,less than pallet order
Arim,Labradorite,#2,specialty,semi_precious,,2024 Arim Inc. Price List 06.14.24.pdf,,180.0,less than pallet order
Arim,Lapis,#0,specialty,semi_precious,,2024 Arim Inc. Price List 06.14.24.pdf,,270.0,less than pallet order
Arim,Lapis,#1,specialty,semi_precious,,2024 Arim Inc. Price List 06.14.24.pdf,,270.0,less than pallet order
Arim,Lapis,#2,specialty,semi_precious,,2024 Arim Inc. Price List 06.14.24.pdf,,270.0,less than pallet order
Arim,Light Amber,#0,glass,specialty_glass,,2024 Arim Inc. Price List 06.14.24.pdf,,95.0,less than pallet order
Arim,Light Amber,#1,glass,specialty_glass,,2024 Arim Inc. Price List 06.14.24.pdf,,95.0,less than pallet order
Arim,Light Amber,#2,glass,specialty_glass,,2024 Arim Inc. Price List 06.14.24.pdf,,95.0,less than pallet order
Arim,Light Turquoise,#0,glass,recycled_glass,,2024 Arim Inc. Price List 06.14.24.pdf,,80.0,less than pallet order
Arim,Light Turquoise,#1,glass,recycled_glass,,2024 Arim Inc. Price List 06.14.24.pdf,,80.0,less than pallet order
Arim,Light Turquoise,#2,glass,recycled_glass,,2024 Arim Inc. Price List 06.14.24.pdf,,80.0,less than pallet order
Arim,Mexican Grey,#0,marble,marble,,2024 Arim Inc. Price List 06.14.24.pdf,,24.5,less than pallet order
Arim,Mexican Grey,#1,marble,marble,,2024 Arim Inc. Price List 06.14.24.pdf,,24.5,less than pallet order
Arim,Mexican Grey,#2,marble,marble,,2024 Arim Inc. Price List 06.14.24.pdf,,24.5,less than pallet order
Arim,Missouri Botticino,#0,marble,marble,,2024 Arim Inc. Price List 06.14.24.pdf,,22.5,less than pallet order
Arim,Missouri Botticino,#1,marble,marble,,2024 Arim Inc. Price List 06.14.24.pdf,,22.5,less than pallet order
Arim,Missouri Botticino,#2,marble,marble,,2024 Arim Inc. Price List 06.14.24.pdf,,22.5,less than pallet order
Arim,Misty Grey,#0,marble,marble,,2024 Arim Inc. Price List 06.14.24.pdf,,41.5,less than pallet order
Arim,Misty Grey,#1,marble,marble,,2024 Arim Inc. Price List 06.14.24.pdf,,41.5,less than pallet order
Arim,Misty Grey,#2,marble,marble,,2024 Arim Inc. Price List 06.14.24.pdf,,41.5,less than pallet order
Arim,Mocha Marble,#0,marble,marble,,2024 Arim Inc. Price List 06.14.24.pdf,,24.5,less than pallet order
Arim,Mocha Marble,#1,marble,marble,,2024 Arim Inc. Price List 06.14.24.pdf,,24.5,less than pallet order
Arim,Mocha Marble,#2,marble,marble,,2024 Arim Inc. Price List 06.14.24.pdf,,24.5,less than pallet order
Arim,Moon Stone,#0,specialty,semi_precious,,2024 Arim Inc. Price List 06.14.24.pdf,,160.0,less than pallet order
Arim,Moon Stone,#1,specialty,semi_precious,,2024 Arim Inc. Price List 06.14.24.pdf,,160.0,less than pallet order
Arim,Moon Stone,#2,specialty,semi_precious,,2024 Arim Inc. Price List 06.14.24.pdf,,160.0,less than pallet order
Arim,Moon White,#0,marble,marble,,2024 Arim Inc. Price List 06.14.24.pdf,,24.0,less than pallet order
Arim,Moon White,#1,marble,marble,,2024 Arim Inc. Price List 06.14.24.pdf,,24.0,less than pallet order
Arim,Moon White,#2,marble,marble,,2024 Arim Inc. Price List 06.14.24.pdf,,24.0,less than pallet order
Arim,Mother Of Pearl Modern,#0,specialty,mother_of_pearl,,2024 Arim Inc. Price List 06.14.24.pdf,,68.0,less than pallet order
Arim,Mother Of Pearl Modern,#1,specialty,mother_of_pearl,,2024 Arim Inc. Price List 06.14.24.pdf,,68.0,less than pallet order
Arim,Mother Of Pearl Modern,#2,specialty,mother_of_pearl,,2024 Arim Inc. Price List 06.14.24.pdf,,68.0,less than pallet order
Arim,Mother of Pearl Bleached,#0,specialty,mother_of_pearl,,2024 Arim Inc. Price List 06.14.24.pdf,,,
Arim,Mother of Pearl Bleached,#1,specialty,mother_of_pearl,,2024 Arim Inc. Price List 06.14.24.pdf,,,
Arim,Mother of Pearl Bleached,#2,specialty,mother_of_pearl,,2024 Arim Inc. Price List 06.14.24.pdf,,,
Arim,Mother of Pearl Classic,#0,specialty,mother_of_pearl,,2024 Arim Inc. Price List 06.14.24.pdf,,109.0,less than pallet order
Arim,Mother of Pearl Classic,#1,specialty,mother_of_pearl,,2024 Arim Inc. Price List 06.14.24.pdf,,109.0,less than pallet order
Arim,Mother of Pearl Classic,#2,specialty,mother_of_pearl,,2024 Arim Inc. Price List 06.14.24.pdf,,109.0,less than pallet order
Arim,New Pure White,#0,marble,marble,,2024 Arim Inc. Price List 06.14.24.pdf,,24.3,less than pallet order
Arim,New Pure White,#1,marble,marble,,2024 Arim Inc. Price List 06.14.24.pdf,,24.3,less than pallet order
Arim,New Pure White,#2,marble,marble,,2024 Arim Inc. Price List 06.14.24.pdf,,24.3,less than pallet order
Arim,Opaque Black,#0,glass,opaque_glass,,2024 Arim Inc. Price List 06.14.24.pdf,,85.0,less than pallet order
Arim,Opaque Black,#1,glass,opaque_glass,,2024 Arim Inc. Price List 06.14.24.pdf,,85.0,less than pallet order
Arim,Opaque Black,#2,glass,opaque_glass,,2024 Arim Inc. Price List 06.14.24.pdf,,85.0,less than pallet order
Arim,Opaque Co Blue,#0,glass,opaque_glass,,2024 Arim Inc. Price List 06.14.24.pdf,,132.0,less than pallet order
Arim,Opaque Co Blue,#1,glass,opaque_glass,,2024 Arim Inc. Price List 06.14.24.pdf,,132.0,less than pallet order
Arim,Opaque Co Blue,#2,glass,opaque_glass,,2024 Arim Inc. Price List 06.14.24.pdf,,132.0,less than pallet order
Arim,Opaque Dark Green,#0,glass,opaque_glass,,2024 Arim Inc. Price List 06.14.24.pdf,,132.0,less than pallet order
Arim,Opaque Dark Green,#1,glass,opaque_glass,,2024 Arim Inc. Price List 06.14.24.pdf,,132.0,less than pallet order
Arim,Opaque Dark Green,#2,glass,opaque_glass,,2024 Arim Inc. Price List 06.14.24.pdf,,132.0,less than pallet order
Arim,Opaque Fresh White,#0,glass,opaque_glass,,2024 Arim Inc. Price List 06.14.24.pdf,,145.0,less than pallet order
Arim,Opaque Fresh White,#1,glass,opaque_glass,,2024 Arim Inc. Price List 06.14.24.pdf,,145.0,less than pallet order
Arim,Opaque Fresh White,#2,glass,opaque_glass,,2024 Arim Inc. Price List 06.14.24.pdf,,145.0,less than pallet order
Arim,Opaque Green,#0,glass,opaque_glass,,2024 Arim Inc. Price List 06.14.24.pdf,,140.0,less than pallet order
Arim,Opaque Green,#1,glass,opaque_glass,,2024 Arim Inc. Price List 06.14.24.pdf,,140.0,less than pallet order
Arim,Opaque Green,#2,glass,opaque_glass,,2024 Arim Inc. Price List 06.14.24.pdf,,140.0,less than pallet order
Arim,Opaque Grey,#0,glass,opaque_glass,,2024 Arim Inc. Price List 06.14.24.pdf,,132.0,less than pallet order
Arim,Opaque Grey,#1,glass,opaque_glass,,2024 Arim Inc. Price List 06.14.24.pdf,,132.0,less than pallet order
Arim,Opaque Grey,#2,glass,opaque_glass,,2024 Arim Inc. Price List 06.14.24.pdf,,132.0,less than pallet order
Arim,Opaque Orange,#0,glass,opaque_glass,,2024 Arim Inc. Price List 06.14.24.pdf,,166.0,less than pallet order
Arim,Opaque Orange,#1,glass,opaque_glass,,2024 Arim Inc. Price List 06.14.24.pdf,,166.0,less than pallet order
Arim,Opaque Orange,#2,glass,opaque_glass,,2024 Arim Inc. Price List 06.14.24.pdf,,166.0,less than pallet order
Arim,Opaque Perfect White,#0,glass,opaque_glass,,2024 Arim Inc. Price List 06.14.24.pdf,,74.0,less than pallet order
Arim,Opaque Perfect White,#1,glass,opaque_glass,,2024 Arim Inc. Price List 06.14.24.pdf,,74.0,less than pallet order
Arim,Opaque Perfect White,#2,glass,opaque_glass,,2024 Arim Inc. Price List 06.14.24.pdf,,74.0,less than pallet order
Arim,Opaque Pink,#0,glass,opaque_glass,,2024 Arim Inc. Price List 06.14.24.pdf,,132.0,less than pallet order
Arim,Opaque Pink,#1,glass,opaque_glass,,2024 Arim Inc. Price List 06.14.24.pdf,,132.0,less than pallet order
Arim,Opaque Pink,#2,glass,opaque_glass,,2024 Arim Inc. Price List 06.14.24.pdf,,132.0,less than pallet order
Arim,Opaque Purple,#0,glass,opaque_glass,,2024 Arim Inc. Price List 06.14.24.pdf,,132.0,less than pallet order
Arim,Opaque Purple,#1,glass,opaque_glass,,2024 Arim Inc. Price List 06.14.24.pdf,,132.0,less than pallet order
Arim,Opaque Purple,#2,glass,opaque_glass,,2024 Arim Inc. Price List 06.14.24.pdf,,132.0,less than pallet order
Arim,Opaque Red,#0,glass,opaque_glass,,2024 Arim Inc. Price List 06.14.24.pdf,,166.0,less than pallet order
Arim,Opaque Red,#1,glass,opaque_glass,,2024 Arim Inc. Price List 06.14.24.pdf,,166.0,less than pallet order
Arim,Opaque Red,#2,glass,opaque_glass,,2024 Arim Inc. Price List 06.14.24.pdf,,166.0,less than pallet order
Arim,Opaque Turquoise,#0,glass,opaque_glass,,2024 Arim Inc. Price List 06.14.24.pdf,,132.0,less than pallet order
Arim,Opaque Turquoise,#1,glass,opaque_glass,,2024 Arim Inc. Price List 06.14.24.pdf,,132.0,less than pallet order
Arim,Opaque Turquoise,#2,glass,opaque_glass,,2024 Arim Inc. Price List 06.14.24.pdf,,132.0,less than pallet order
Arim,Opaque White,#0,glass,opaque_glass,,2024 Arim Inc. Price List 06.14.24.pdf,,74.0,less than pallet order
Arim,Opaque White,#1,glass,opaque_glass,,2024 Arim Inc. Price List 06.14.24.pdf,,74.0,less than pallet order
Arim,Opaque White,#2,glass,opaque_glass,,2024 Arim Inc. Price List 06.14.24.pdf,,74.0,less than pallet order
Arim,Opaque Yellow,#0,glass,opaque_glass,,2024 Arim Inc. Price List 06.14.24.pdf,,145.0,less than pallet order
Arim,Opaque Yellow,#1,glass,opaque_glass,,2024 Arim Inc. Price List 06.14.24.pdf,,145.0,less than pallet order
Arim,Opaque Yellow,#2,glass,opaque_glass,,2024 Arim Inc. Price List 06.14.24.pdf,,145.0,less than pallet order
Arim,Orange,#0,glass,specialty_glass,,2024 Arim Inc. Price List 06.14.24.pdf,,145.0,less than pallet order
Arim,Orange,#1,glass,specialty_glass,,2024 Arim Inc. Price List 06.14.24.pdf,,145.0,less than pallet order
Arim,Orange,#2,glass,specialty_glass,,2024 Arim Inc. Price List 06.14.24.pdf,,145.0,less than pallet order
Arim,Orange Calcite,#0,specialty,semi_precious,,2024 Arim Inc. Price List 06.14.24.pdf,,164.4,less than pallet order
Arim,Orange Calcite,#1,specialty,semi_precious,,2024 Arim Inc. Price List 06.14.24.pdf,,164.4,less than pallet order
Arim,Orange Calcite,#2,specialty,semi_precious,,2024 Arim Inc. Price List 06.14.24.pdf,,164.4,less than pallet order
Arim,Peachy Pink,#0,marble,marble,,2024 Arim Inc. Price List 06.14.24.pdf,,23.8,less than pallet order
Arim,Peachy Pink,#1,marble,marble,,2024 Arim Inc. Price List 06.14.24.pdf,,23.8,less than pallet order
Arim,Peachy Pink,#2,marble,marble,,2024 Arim Inc. Price List 06.14.24.pdf,,23.8,less than pallet order
Arim,Persian Cream,#0,marble,marble,,2024 Arim Inc. Price List 06.14.24.pdf,,26.0,less than pallet order
Arim,Persian Cream,#1,marble,marble,,2024 Arim Inc. Price List 06.14.24.pdf,,26.0,less than pallet order
Arim,Persian Cream,#2,marble,marble,,2024 Arim Inc. Price List 06.14.24.pdf,,26.0,less than pallet order
Arim,Persian Yellow,#0,marble,marble,,2024 Arim Inc. Price List 06.14.24.pdf,,23.0,less than pallet order
Arim,Persian Yellow,#1,marble,marble,,2024 Arim Inc. Price List 06.14.24.pdf,,23.0,less than pallet order
Arim,Persian Yellow,#2,marble,marble,,2024 Arim Inc. Price List 06.14.24.pdf,,23.0,less than pallet order
Arim,Philly Red,#0,marble,marble,,2024 Arim Inc. Price List 06.14.24.pdf,,26.3,less than pallet order
Arim,Philly Red,#1,marble,marble,,2024 Arim Inc. Price List 06.14.24.pdf,,26.3,less than pallet order
Arim,Philly Red,#2,marble,marble,,2024 Arim Inc. Price List 06.14.24.pdf,,26.3,less than pallet order
Arim,Pink Glitter,#0,glass,glitter_glass,,2024 Arim Inc. Price List 06.14.24.pdf,,100.0,less than pallet order
Arim,Pink Glitter,#1,glass,glitter_glass,,2024 Arim Inc. Price List 06.14.24.pdf,,100.0,less than pallet order
Arim,Pink Glitter,#2,glass,glitter_glass,,2024 Arim Inc. Price List 06.14.24.pdf,,100.0,less than pallet order
Arim,Pink Quartz,#0,specialty,semi_precious,,2024 Arim Inc. Price List 06.14.24.pdf,,112.5,less than pallet order
Arim,Pink Quartz,#1,specialty,semi_precious,,2024 Arim Inc. Price List 06.14.24.pdf,,112.5,less than pallet order
Arim,Pink Quartz,#2,specialty,semi_precious,,2024 Arim Inc. Price List 06.14.24.pdf,,112.5,less than pallet order
Arim,Polar White,#0,glass,opaque_glass,,2024 Arim Inc. Price List 06.14.24.pdf,,75.0,less than pallet order
Arim,Polar White,#1,glass,opaque_glass,,2024 Arim Inc. Price List 06.14.24.pdf,,75.0,less than pallet order
Arim,Polar White,#2,glass,opaque_glass,,2024 Arim Inc. Price List 06.14.24.pdf,,75.0,less than pallet order
Arim,Pool Mix,PoolMix,filler,pool_mix,,2024 Arim Inc. Price List 06.14.24.pdf,,,
Arim,Purple,#0,glass,specialty_glass,,2024 Arim Inc. Price List 06.14.24.pdf,,98.0,less than pallet order
Arim,Purple,#1,glass,specialty_glass,,2024 Arim Inc. Price List 06.14.24.pdf,,98.0,less than pallet order
Arim,Purple,#2,glass,specialty_glass,,2024 Arim Inc. Price List 06.14.24.pdf,,98.0,less than pallet order
Arim,Raven Black Marble,#0,marble,marble,,2024 Arim Inc. Price List 06.14.24.pdf,,22.5,less than pallet order
Arim,Raven Black Marble,#1,marble,marble,,2024 Arim Inc. Price List 06.14.24.pdf,,22.5,less than pallet order
Arim,Raven Black Marble,#2,marble,marble,,2024 Arim Inc. Price List 06.14.24.pdf,,22.5,less than pallet order
Arim,Real Onyx,#0,marble,marble,,2024 Arim Inc. Price List 06.14.24.pdf,,29.3,less than pallet order
Arim,Real Onyx,#1,marble,marble,,2024 Arim Inc. Price List 06.14.24.pdf,,29.3,less than pallet order
Arim,Real Onyx,#2,marble,marble,,2024 Arim Inc. Price List 06.14.24.pdf,,29.3,less than pallet order
Arim,Recycled Amber,#0,glass,recycled_glass,,2024 Arim Inc. Price List 06.14.24.pdf,,40.0,less than pallet order
Arim,Recycled Amber,#1,glass,recycled_glass,,2024 Arim Inc. Price List 06.14.24.pdf,,40.0,less than pallet order
Arim,Recycled Amber,#2,glass,recycled_glass,,2024 Arim Inc. Price List 06.14.24.pdf,,40.0,less than pallet order
Arim,Recycled Black Glass,#0,glass,recycled_glass,,2024 Arim Inc. Price List 06.14.24.pdf,,40.0,less than pallet order
Arim,Recycled Black Glass,#1,glass,recycled_glass,,2024 Arim Inc. Price List 06.14.24.pdf,,40.0,less than pallet order
Arim,Recycled Black Glass,#2,glass,recycled_glass,,2024 Arim Inc. Price List 06.14.24.pdf,,40.0,less than pallet order
Arim,Recycled Clear Glass,#0,glass,recycled_glass,,2024 Arim Inc. Price List 06.14.24.pdf,,40.0,less than pallet order
Arim,Recycled Clear Glass,#1,glass,recycled_glass,,2024 Arim Inc. Price List 06.14.24.pdf,,40.0,less than pallet order
Arim,Recycled Clear Glass,#2,glass,recycled_glass,,2024 Arim Inc. Price List 06.14.24.pdf,,40.0,less than pallet order
Arim,Recycled Clear Glass Filler,#0,glass,recycled_glass,,2024 Arim Inc. Price List 06.14.24.pdf,,37.0,less than pallet order
Arim,Recycled Clear Glass Filler,#1,glass,recycled_glass,,2024 Arim Inc. Price List 06.14.24.pdf,,37.0,less than pallet order
Arim,Recycled Clear Glass Filler,#2,glass,recycled_glass,,2024 Arim Inc. Price List 06.14.24.pdf,,37.0,less than pallet order
Arim,Recycled Clear Plate RC51,#0,glass,recycled_glass,,2024 Arim Inc. Price List 06.14.24.pdf,,39.0,less than pallet order
Arim,Recycled Clear Plate RC51,#1,glass,recycled_glass,,2024 Arim Inc. Price List 06.14.24.pdf,,39.0,less than pallet order
Arim,Recycled Clear Plate RC51,#2,glass,recycled_glass,,2024 Arim Inc. Price List 06.14.24.pdf,,39.0,less than pallet order
Arim,Recycled Clear Plate RC55,#0,glass,recycled_glass,,2024 Arim Inc. Price List 06.14.24.pdf,,40.0,less than pallet order
Arim,Recycled Clear Plate RC55,#1,glass,recycled_glass,,2024 Arim Inc. Price List 06.14.24.pdf,,40.0,less than pallet order
Arim,Recycled Clear Plate RC55,#2,glass,recycled_glass,,2024 Arim Inc. Price List 06.14.24.pdf,,40.0,less than pallet order
Arim,Recycled Cobalt Blue,#0,glass,recycled_glass,,2024 Arim Inc. Price List 06.14.24.pdf,,66.0,less than pallet order
Arim,Recycled Cobalt Blue,#1,glass,recycled_glass,,2024 Arim Inc. Price List 06.14.24.pdf,,66.0,less than pallet order
Arim,Recycled Cobalt Blue,#2,glass,recycled_glass,,2024 Arim Inc. Price List 06.14.24.pdf,,66.0,less than pallet order
Arim,Recycled Emerald Green,#0,glass,recycled_glass,,2024 Arim Inc. Price List 06.14.24.pdf,,40.0,less than pallet order
Arim,Recycled Emerald Green,#1,glass,recycled_glass,,2024 Arim Inc. Price List 06.14.24.pdf,,40.0,less than pallet order
Arim,Recycled Emerald Green,#2,glass,recycled_glass,,2024 Arim Inc. Price List 06.14.24.pdf,,40.0,less than pallet order
Arim,Recycled Light Green,#0,glass,recycled_glass,,2024 Arim Inc. Price List 06.14.24.pdf,,40.0,less than pallet order
Arim,Recycled Light Green,#1,glass,recycled_glass,,2024 Arim Inc. Price List 06.14.24.pdf,,40.0,less than pallet order
Arim,Recycled Light Green,#2,glass,recycled_glass,,2024 Arim Inc. Price List 06.14.24.pdf,,40.0,less than pallet order
Arim,Recycled Miami Teal,#0,glass,recycled_glass,,2024 Arim Inc. Price List 06.14.24.pdf,,76.0,less than pallet order
Arim,Recycled Miami Teal,#1,glass,recycled_glass,,2024 Arim Inc. Price List 06.14.24.pdf,,76.0,less than pallet order
Arim,Recycled Miami Teal,#2,glass,recycled_glass,,2024 Arim Inc. Price List 06.14.24.pdf,,76.0,less than pallet order
Arim,Recycled Mirror,#0,glass,recycled_glass,,2024 Arim Inc. Price List 06.14.24.pdf,,40.0,less than pallet order
Arim,Recycled Mirror,#1,glass,recycled_glass,,2024 Arim Inc. Price List 06.14.24.pdf,,40.0,less than pallet order
Arim,Recycled Mirror,#2,glass,recycled_glass,,2024 Arim Inc. Price List 06.14.24.pdf,,40.0,less than pallet order
Arim,Recycled Porcelain,#0,glass,recycled_glass,,2024 Arim Inc. Price List 06.14.24.pdf,,46.0,less than pallet order
Arim,Recycled Porcelain,#1,glass,recycled_glass,,2024 Arim Inc. Price List 06.14.24.pdf,,46.0,less than pallet order
Arim,Recycled Porcelain,#2,glass,recycled_glass,,2024 Arim Inc. Price List 06.14.24.pdf,,46.0,less than pallet order
Arim,Recycled White Thin Mirror,#0,glass,recycled_glass,,2024 Arim Inc. Price List 06.14.24.pdf,,47.0,less than pallet order
Arim,Recycled White Thin Mirror,#1,glass,recycled_glass,,2024 Arim Inc. Price List 06.14.24.pdf,,47.0,less than pallet order
Arim,Recycled White Thin Mirror,#2,glass,recycled_glass,,2024 Arim Inc. Price List 06.14.24.pdf,,47.0,less than pallet order
Arim,Red,#0,glass,specialty_glass,,2024 Arim Inc. Price List 06.14.24.pdf,,135.0,less than pallet order
Arim,Red,#1,glass,specialty_glass,,2024 Arim Inc. Price List 06.14.24.pdf,,135.0,less than pallet order
Arim,Red,#2,glass,specialty_glass,,2024 Arim Inc. Price List 06.14.24.pdf,,135.0,less than pallet order
Arim,Red Jasper,#0,specialty,semi_precious,,2024 Arim Inc. Price List 06.14.24.pdf,,145.0,less than pallet order
Arim,Red Jasper,#1,specialty,semi_precious,,2024 Arim Inc. Price List 06.14.24.pdf,,145.0,less than pallet order
Arim,Red Jasper,#2,specialty,semi_precious,,2024 Arim Inc. Price List 06.14.24.pdf,,145.0,less than pallet order
Arim,Red Verona,#0,marble,marble,,2024 Arim Inc. Price List 06.14.24.pdf,,22.5,less than pallet order
Arim,Red Verona,#1,marble,marble,,2024 Arim Inc. Price List 06.14.24.pdf,,22.5,less than pallet order
Arim,Red Verona,#2,marble,marble,,2024 Arim Inc. Price List 06.14.24.pdf,,22.5,less than pallet order
Arim,Rose Gold Glitter,#0,glass,glitter_glass,,2024 Arim Inc. Price List 06.14.24.pdf,,120.0,less than pallet order
Arim,Rose Gold Glitter,#1,glass,glitter_glass,,2024 Arim Inc. Price List 06.14.24.pdf,,120.0,less than pallet order
Arim,Rose Gold Glitter,#2,glass,glitter_glass,,2024 Arim Inc. Price List 06.14.24.pdf,,120.0,less than pallet order
Arim,Rose Gold Mirror,#0,glass,recycled_glass,,2024 Arim Inc. Price List 06.14.24.pdf,,66.0,less than pallet order
Arim,Rose Gold Mirror,#1,glass,recycled_glass,,2024 Arim Inc. Price List 06.14.24.pdf,,66.0,less than pallet order
Arim,Rose Gold Mirror,#2,glass,recycled_glass,,2024 Arim Inc. Price List 06.14.24.pdf,,66.0,less than pallet order
Arim,Rose Quartz,#0,specialty,semi_precious,,2024 Arim Inc. Price List 06.14.24.pdf,,160.0,less than pallet order
Arim,Rose Quartz,#1,specialty,semi_precious,,2024 Arim Inc. Price List 06.14.24.pdf,,160.0,less than pallet order
Arim,Rose Quartz,#2,specialty,semi_precious,,2024 Arim Inc. Price List 06.14.24.pdf,,160.0,less than pallet order
Arim,Rosso Levanto,#0,marble,marble,,2024 Arim Inc. Price List 06.14.24.pdf,,28.5,less than pallet order
Arim,Rosso Levanto,#1,marble,marble,,2024 Arim Inc. Price List 06.14.24.pdf,,28.5,less than pallet order
Arim,Rosso Levanto,#2,marble,marble,,2024 Arim Inc. Price List 06.14.24.pdf,,28.5,less than pallet order
Arim,Royal Red,#0,marble,marble,,2024 Arim Inc. Price List 06.14.24.pdf,,28.5,less than pallet order
Arim,Royal Red,#1,marble,marble,,2024 Arim Inc. Price List 06.14.24.pdf,,28.5,less than pallet order
Arim,Royal Red,#2,marble,marble,,2024 Arim Inc. Price List 06.14.24.pdf,,28.5,less than pallet order
Arim,Saffron Verona,#0,marble,marble,,2024 Arim Inc. Price List 06.14.24.pdf,,28.5,less than pallet order
Arim,Saffron Verona,#1,marble,marble,,2024 Arim Inc. Price List 06.14.24.pdf,,28.5,less than pallet order
Arim,Saffron Verona,#2,marble,marble,,2024 Arim Inc. Price List 06.14.24.pdf,,28.5,less than pallet order
Arim,Sage Green,#0,marble,marble,,2024 Arim Inc. Price List 06.14.24.pdf,,25.3,less than pallet order
Arim,Sage Green,#1,marble,marble,,2024 Arim Inc. Price List 06.14.24.pdf,,25.3,less than pallet order
Arim,Sage Green,#2,marble,marble,,2024 Arim Inc. Price List 06.14.24.pdf,,25.3,less than pallet order
Arim,Sepentine,#0,specialty,semi_precious,,2024 Arim Inc. Price List 06.14.24.pdf,,118.0,less than pallet order
Arim,Sepentine,#1,specialty,semi_precious,,2024 Arim Inc. Price List 06.14.24.pdf,,118.0,less than pallet order
Arim,Sepentine,#2,specialty,semi_precious,,2024 Arim Inc. Price List 06.14.24.pdf,,118.0,less than pallet order
Arim,Shadow Black,#0,marble,marble,,2024 Arim Inc. Price List 06.14.24.pdf,,27.5,less than pallet order
Arim,Shadow Black,#1,marble,marble,,2024 Arim Inc. Price List 06.14.24.pdf,,27.5,less than pallet order
Arim,Shadow Black,#2,marble,marble,,2024 Arim Inc. Price List 06.14.24.pdf,,27.5,less than pallet order
Arim,Silver Coated,#0,mirror,coated_glass,,2024 Arim Inc. Price List 06.14.24.pdf,,120.0,less than pallet order
Arim,Silver Coated,#1,mirror,coated_glass,,2024 Arim Inc. Price List 06.14.24.pdf,,120.0,less than pallet order
Arim,Silver Coated,#2,mirror,coated_glass,,2024 Arim Inc. Price List 06.14.24.pdf,,120.0,less than pallet order
Arim,Silver Glitter,#0,glass,glitter_glass,,2024 Arim Inc. Price List 06.14.24.pdf,,110.0,less than pallet order
Arim,Silver Glitter,#1,glass,glitter_glass,,2024 Arim Inc. Price List 06.14.24.pdf,,110.0,less than pallet order
Arim,Silver Glitter,#2,glass,glitter_glass,,2024 Arim Inc. Price List 06.14.24.pdf,,110.0,less than pallet order
Arim,Smokey Grey,#0,marble,marble,,2024 Arim Inc. Price List 06.14.24.pdf,,24.3,less than pallet order
Arim,Smokey Grey,#1,marble,marble,,2024 Arim Inc. Price List 06.14.24.pdf,,24.3,less than pallet order
Arim,Smokey Grey,#2,marble,marble,,2024 Arim Inc. Price List 06.14.24.pdf,,24.3,less than pallet order
Arim,Snowy White,#0,marble,marble,,2024 Arim Inc. Price List 06.14.24.pdf,,23.8,less than pallet order
Arim,Snowy White,#1,marble,marble,,2024 Arim Inc. Price List 06.14.24.pdf,,23.8,less than pallet order
Arim,Snowy White,#2,marble,marble,,2024 Arim Inc. Price List 06.14.24.pdf,,23.8,less than pallet order
Arim,Sodalite,#0,specialty,semi_precious,,2024 Arim Inc. Price List 06.14.24.pdf,,162.5,less than pallet order
Arim,Sodalite,#1,specialty,semi_precious,,2024 Arim Inc. Price List 06.14.24.pdf,,162.5,less than pallet order
Arim,Sodalite,#2,specialty,semi_precious,,2024 Arim Inc. Price List 06.14.24.pdf,,162.5,less than pallet order
Arim,Sooty Black,#0,marble,marble,,2024 Arim Inc. Price List 06.14.24.pdf,,24.3,less than pallet order
Arim,Sooty Black,#1,marble,marble,,2024 Arim Inc. Price List 06.14.24.pdf,,24.3,less than pallet order
Arim,Sooty Black,#2,marble,marble,,2024 Arim Inc. Price List 06.14.24.pdf,,24.3,less than pallet order
Arim,Storm Gray,#0,marble,marble,,2024 Arim Inc. Price List 06.14.24.pdf,,24.3,less than pallet order
Arim,Storm Gray,#1,marble,marble,,2024 Arim Inc. Price List 06.14.24.pdf,,24.3,less than pallet order
Arim,Storm Gray,#2,marble,marble,,2024 Arim Inc. Price List 06.14.24.pdf,,24.3,less than pallet order
Arim,Sun Stone,#0,specialty,semi_precious,,2024 Arim Inc. Price List 06.14.24.pdf,,190.0,less than pallet order
Arim,Sun Stone,#1,specialty,semi_precious,,2024 Arim Inc. Price List 06.14.24.pdf,,190.0,less than pallet order
Arim,Sun Stone,#2,specialty,semi_precious,,2024 Arim Inc. Price List 06.14.24.pdf,,190.0,less than pallet order
Arim,Tahitian Mother of Pearl,#0,specialty,mother_of_pearl,,2024 Arim Inc. Price List 06.14.24.pdf,,90.0,less than pallet order
Arim,Tahitian Mother of Pearl,#1,specialty,mother_of_pearl,,2024 Arim Inc. Price List 06.14.24.pdf,,90.0,less than pallet order
Arim,Tahitian Mother of Pearl,#2,specialty,mother_of_pearl,,2024 Arim Inc. Price List 06.14.24.pdf,,90.0,less than pallet order
Arim,Teal Green,#0,glass,specialty_glass,,2024 Arim Inc. Price List 06.14.24.pdf,,96.0,less than pallet order
Arim,Teal Green,#1,glass,specialty_glass,,2024 Arim Inc. Price List 06.14.24.pdf,,96.0,less than pallet order
Arim,Teal Green,#2,glass,specialty_glass,,2024 Arim Inc. Price List 06.14.24.pdf,,96.0,less than pallet order
Arim,Tiger Eye,#0,specialty,semi_precious,,2024 Arim Inc. Price List 06.14.24.pdf,,155.0,less than pallet order
Arim,Tiger Eye,#1,specialty,semi_precious,,2024 Arim Inc. Price List 06.14.24.pdf,,155.0,less than pallet order
Arim,Tiger Eye,#2,specialty,semi_precious,,2024 Arim Inc. Price List 06.14.24.pdf,,155.0,less than pallet order
Arim,Toros Black,#0,marble,marble,,2024 Arim Inc. Price List 06.14.24.pdf,,26.3,less than pallet order
Arim,Toros Black,#1,marble,marble,,2024 Arim Inc. Price List 06.14.24.pdf,,26.3,less than pallet order
Arim,Toros Black,#2,marble,marble,,2024 Arim Inc. Price List 06.14.24.pdf,,26.3,less than pallet order
Arim,Turquoise Blue,#0,glass,specialty_glass,,2024 Arim Inc. Price List 06.14.24.pdf,,100.0,less than pallet order
Arim,Turquoise Blue,#1,glass,specialty_glass,,2024 Arim Inc. Price List 06.14.24.pdf,,100.0,less than pallet order
Arim,Turquoise Blue,#2,glass,specialty_glass,,2024 Arim Inc. Price List 06.14.24.pdf,,100.0,less than pallet order
Arim,Ultra White Marble,#0,marble,marble,,2024 Arim Inc. Price List 06.14.24.pdf,,25.5,less than pallet order
Arim,Ultra White Marble,#1,marble,marble,,2024 Arim Inc. Price List 06.14.24.pdf,,25.5,less than pallet order
Arim,Ultra White Marble,#2,marble,marble,,2024 Arim Inc. Price List 06.14.24.pdf,,25.5,less than pallet order
Arim,Verde Alpi,#0,marble,marble,,2024 Arim Inc. Price List 06.14.24.pdf,,24.5,less than pallet order
Arim,Verde Alpi,#1,marble,marble,,2024 Arim Inc. Price List 06.14.24.pdf,,24.5,less than pallet order
Arim,Verde Alpi,#2,marble,marble,,2024 Arim Inc. Price List 06.14.24.pdf,,24.5,less than pallet order
Arim,White Cement Type 1,,misc,cement,,2024 Arim Inc. Price List 06.14.24.pdf,,38.0,less than pallet order
Arim,White Crystal,#0,specialty,semi_precious,,2024 Arim Inc. Price List 06.14.24.pdf,,118.0,less than pallet order
Arim,White Crystal,#1,specialty,semi_precious,,2024 Arim Inc. Price List 06.14.24.pdf,,118.0,less than pallet order
Arim,White Crystal,#2,specialty,semi_precious,,2024 Arim Inc. Price List 06.14.24.pdf,,118.0,less than pallet order
Arim,White Filler,ATF 20,filler,fines,,2024 Arim Inc. Price List 06.14.24.pdf,,,
Arim,White Rose Marble (NC),#0,marble,marble,,2024 Arim Inc. Price List 06.14.24.pdf,,21.5,less than pallet order
Arim,White Rose Marble (NC),#1,marble,marble,,2024 Arim Inc. Price List 06.14.24.pdf,,21.5,less than pallet order
Arim,White Rose Marble (NC),#2,marble,marble,,2024 Arim Inc. Price List 06.14.24.pdf,,21.5,less than pallet order
Arim,White Transparent Quartz,#0,specialty,semi_precious,,2024 Arim Inc. Price List 06.14.24.pdf,,97.4,less than pallet order
Arim,White Transparent Quartz,#1,specialty,semi_precious,,2024 Arim Inc. Price List 06.14.24.pdf,,97.4,less than pallet order
Arim,White Transparent Quartz,#2,specialty,semi_precious,,2024 Arim Inc. Price List 06.14.24.pdf,,97.4,less than pallet order
Arim,White Verona,#0,marble,marble,,2024 Arim Inc. Price List 06.14.24.pdf,,25.5,less than pallet order
Arim,White Verona,#1,marble,marble,,2024 Arim Inc. Price List 06.14.24.pdf,,25.5,less than pallet order
Arim,White Verona,#2,marble,marble,,2024 Arim Inc. Price List 06.14.24.pdf,,25.5,less than pallet order
Arim,Yellow,#0,glass,specialty_glass,,2024 Arim Inc. Price List 06.14.24.pdf,,132.0,less than pallet order
Arim,Yellow,#1,glass,specialty_glass,,2024 Arim Inc. Price List 06.14.24.pdf,,132.0,less than pallet order
Arim,Yellow,#2,glass,specialty_glass,,2024 Arim Inc. Price List 06.14.24.pdf,,132.0,less than pallet order
Arim,Yellow Aventurine,#0,specialty,semi_precious,,2024 Arim Inc. Price List 06.14.24.pdf,,118.0,less than pallet order
Arim,Yellow Aventurine,#1,specialty,semi_precious,,2024 Arim Inc. Price List 06.14.24.pdf,,118.0,less than pallet order
Arim,Yellow Aventurine,#2,specialty,semi_precious,,2024 Arim Inc. Price List 06.14.24.pdf,,118.0,less than pallet order
Arim,Yellow Verona,#0,marble,marble,,2024 Arim Inc. Price List 06.14.24.pdf,,25.5,less than pallet order
Arim,Yellow Verona,#1,marble,marble,,2024 Arim Inc. Price List 06.14.24.pdf,,25.5,less than pallet order
Arim,Yellow Verona,#2,marble,marble,,2024 Arim Inc. Price List 06.14.24.pdf,,25.5,less than pallet order
CCQ,Alpine Red,#0,marble,aggregate,50lb bag,price_list_CCQ 2026.pdf,,33.25,50lb bag
CCQ,Alpine Red,#1,marble,aggregate,50lb bag,price_list_CCQ 2026.pdf,,26.75,50lb bag
CCQ,Alpine Red,#2,marble,aggregate,50lb bag,price_list_CCQ 2026.pdf,,26.25,50lb bag
CCQ,Amber,#0,marble,aggregate,50lb bag,price_list_CCQ 2026.pdf,,25.00,50lb bag
CCQ,Amber,#1,marble,aggregate,50lb bag,price_list_CCQ 2026.pdf,,20.00,50lb bag
CCQ,Amber,#2,marble,aggregate,50lb bag,price_list_CCQ 2026.pdf,,17.50,50lb bag
CCQ,Amber,#3-#5,marble,aggregate,50lb bag,price_list_CCQ 2026.pdf,marked + in brochure,25.00,50lb bag
CCQ,Amber,#4-#7,marble,aggregate,50lb bag,price_list_CCQ 2026.pdf,marked * in brochure,33.00,50lb bag
CCQ,American Beauty,#0,marble,aggregate,50lb bag,price_list_CCQ 2026.pdf,,16.00,50lb bag
CCQ,American Beauty,#1,marble,aggregate,50lb bag,price_list_CCQ 2026.pdf,,13.00,50lb bag
CCQ,American Beauty,#2,marble,aggregate,50lb bag,price_list_CCQ 2026.pdf,,11.50,50lb bag
CCQ,American Beauty,#3-#5,marble,aggregate,50lb bag,price_list_CCQ 2026.pdf,marked + in brochure,16.00,50lb bag
CCQ,Antique Bronze,#0,marble,aggregate,50lb bag,price_list_CCQ 2026.pdf,,15.50,50lb bag
CCQ,Antique Bronze,#1,marble,aggregate,50lb bag,price_list_CCQ 2026.pdf,,12.50,50lb bag
CCQ,Antique Bronze,#2,marble,aggregate,50lb bag,price_list_CCQ 2026.pdf,,11.00,50lb bag
CCQ,Blanco Mexicano,#0,marble,aggregate,50lb bag,price_list_CCQ 2026.pdf,,30.00,50lb bag
CCQ,Blanco Mexicano,#1,marble,aggregate,50lb bag,price_list_CCQ 2026.pdf,,25.00,50lb bag
CCQ,Blanco Mexicano,#2,marble,aggregate,50lb bag,price_list_CCQ 2026.pdf,,22.50,50lb bag
CCQ,Blanco Mexicano,#3-#5,marble,aggregate,50lb bag,price_list_CCQ 2026.pdf,marked + in brochure,30.00,50lb bag
CCQ,Blanco Mexicano,#4-#7,marble,aggregate,50lb bag,price_list_CCQ 2026.pdf,marked * in brochure,38.00,50lb bag
CCQ,Blue Calcite,#0,marble,aggregate,50lb bag,price_list_CCQ 2026.pdf,,47.50,50lb bag
CCQ,Blue Calcite,#1,marble,aggregate,50lb bag,price_list_CCQ 2026.pdf,,37.50,50lb bag
CCQ,Blue Calcite,#2,marble,aggregate,50lb bag,price_list_CCQ 2026.pdf,,33.00,50lb bag
CCQ,Blue Calcite,#3-#5,marble,aggregate,50lb bag,price_list_CCQ 2026.pdf,marked + in brochure,47.50,50lb bag
CCQ,Blue Coal,#0,marble,aggregate,50lb bag,price_list_CCQ 2026.pdf,,19.00,50lb bag
CCQ,Blue Coal,#1,marble,aggregate,50lb bag,price_list_CCQ 2026.pdf,,16.00,50lb bag
CCQ,Blue Coal,#2,marble,aggregate,50lb bag,price_list_CCQ 2026.pdf,,14.50,50lb bag
CCQ,Blue Coal,#3-#5,marble,aggregate,50lb bag,price_list_CCQ 2026.pdf,marked + in brochure,19.00,50lb bag
CCQ,Botticino Prima Vera,#0,marble,aggregate,50lb bag,price_list_CCQ 2026.pdf,,17.00,50lb bag
CCQ,Botticino Prima Vera,#1,marble,aggregate,50lb bag,price_list_CCQ 2026.pdf,,14.00,50lb bag
CCQ,Botticino Prima Vera,#2,marble,aggregate,50lb bag,price_list_CCQ 2026.pdf,,12.50,50lb bag
CCQ,Botticino Prima Vera,#3-#5,marble,aggregate,50lb bag,price_list_CCQ 2026.pdf,marked + in brochure,17.00,50lb bag
CCQ,Botticino Prima Vera,#4-#7,marble,aggregate,50lb bag,price_list_CCQ 2026.pdf,marked * in brochure,22.00,50lb bag
CCQ,CC Rose Botticino,#0,marble,aggregate,50lb bag,price_list_CCQ 2026.pdf,,15.25,50lb bag
CCQ,CC Rose Botticino,#1,marble,aggregate,50lb bag,price_list_CCQ 2026.pdf,,12.25,50lb bag
CCQ,CC Rose Botticino,#2,marble,aggregate,50lb bag,price_list_CCQ 2026.pdf,,10.75,50lb bag
CCQ,Cacao,#0,marble,aggregate,50lb bag,price_list_CCQ 2026.pdf,,25.00,50lb bag
CCQ,Cacao,#1,marble,aggregate,50lb bag,price_list_CCQ 2026.pdf,,20.00,50lb bag
CCQ,Cacao,#2,marble,aggregate,50lb bag,price_list_CCQ 2026.pdf,,17.50,50lb bag
CCQ,Cacao,#3-#5,marble,aggregate,50lb bag,price_list_CCQ 2026.pdf,marked + in brochure,25.00,50lb bag
CCQ,Cacao,#4-#7,marble,aggregate,50lb bag,price_list_CCQ 2026.pdf,marked * in brochure,33.00,50lb bag
CCQ,Cactus Green,#0,marble,aggregate,50lb bag,price_list_CCQ 2026.pdf,,17.00,50lb bag
CCQ,Cactus Green,#1,marble,aggregate,50lb bag,price_list_CCQ 2026.pdf,,14.00,50lb bag
CCQ,Cactus Green,#2,marble,aggregate,50lb bag,price_list_CCQ 2026.pdf,,12.50,50lb bag
CCQ,Cactus Green,#3-#5,marble,aggregate,50lb bag,price_list_CCQ 2026.pdf,marked + in brochure,17.00,50lb bag
CCQ,Cameo Cream,#0,marble,aggregate,50lb bag,price_list_CCQ 2026.pdf,,17.00,50lb bag
CCQ,Cameo Cream,#1,marble,aggregate,50lb bag,price_list_CCQ 2026.pdf,,14.00,50lb bag
CCQ,Cameo Cream,#2,marble,aggregate,50lb bag,price_list_CCQ 2026.pdf,,12.50,50lb bag
CCQ,Charcoal,#0,marble,aggregate,50lb bag,price_list_CCQ 2026.pdf,,27.00,50lb bag
CCQ,Charcoal,#1,marble,aggregate,50lb bag,price_list_CCQ 2026.pdf,,22.00,50lb bag
CCQ,Charcoal,#2,marble,aggregate,50lb bag,price_list_CCQ 2026.pdf,,19.50,50lb bag
CCQ,Charcoal,#3-#5,marble,aggregate,50lb bag,price_list_CCQ 2026.pdf,marked + in brochure,27.00,50lb bag
CCQ,Charcoal,#4-#7,marble,aggregate,50lb bag,price_list_CCQ 2026.pdf,marked * in brochure,35.00,50lb bag
CCQ,Dark Cedar,#0,marble,aggregate,50lb bag,price_list_CCQ 2026.pdf,,16.75,50lb bag
CCQ,Dark Cedar,#1,marble,aggregate,50lb bag,price_list_CCQ 2026.pdf,,13.75,50lb bag
CCQ,Dark Cedar,#2,marble,aggregate,50lb bag,price_list_CCQ 2026.pdf,,12.25,50lb bag
CCQ,Imperial Brown,#0,marble,aggregate,50lb bag,price_list_CCQ 2026.pdf,,16.00,50lb bag
CCQ,Imperial Brown,#1,marble,aggregate,50lb bag,price_list_CCQ 2026.pdf,,13.00,50lb bag
CCQ,Imperial Brown,#2,marble,aggregate,50lb bag,price_list_CCQ 2026.pdf,,11.50,50lb bag
CCQ,Imperial White,#0,marble,aggregate,50lb bag,price_list_CCQ 2026.pdf,,18.50,50lb bag
CCQ,Imperial White,#1,marble,aggregate,50lb bag,price_list_CCQ 2026.pdf,,15.50,50lb bag
CCQ,Imperial White,#2,marble,aggregate,50lb bag,price_list_CCQ 2026.pdf,,14.00,50lb bag
CCQ,Old Yellow,#0,marble,aggregate,50lb bag,price_list_CCQ 2026.pdf,,27.75,50lb bag
CCQ,Old Yellow,#1,marble,aggregate,50lb bag,price_list_CCQ 2026.pdf,,22.75,50lb bag
CCQ,Old Yellow,#2,marble,aggregate,50lb bag,price_list_CCQ 2026.pdf,,20.25,50lb bag
CCQ,Old Yellow,#3-#5,marble,aggregate,50lb bag,price_list_CCQ 2026.pdf,marked + in brochure,27.75,50lb bag
CCQ,Onyx,#0,marble,aggregate,50lb bag,price_list_CCQ 2026.pdf,,27.50,50lb bag
CCQ,Onyx,#1,marble,aggregate,50lb bag,price_list_CCQ 2026.pdf,,22.50,50lb bag
CCQ,Onyx,#2,marble,aggregate,50lb bag,price_list_CCQ 2026.pdf,,20.00,50lb bag
CCQ,Oxblood Red,#0,marble,aggregate,50lb bag,price_list_CCQ 2026.pdf,,32.00,50lb bag
CCQ,Oxblood Red,#1,marble,aggregate,50lb bag,price_list_CCQ 2026.pdf,,27.00,50lb bag
CCQ,Oxblood Red,#2,marble,aggregate,50lb bag,price_list_CCQ 2026.pdf,,24.50,50lb bag
CCQ,Pearl Grey,#0,marble,aggregate,50lb bag,price_list_CCQ 2026.pdf,,15.25,50lb bag
CCQ,Pearl Grey,#1,marble,aggregate,50lb bag,price_list_CCQ 2026.pdf,,12.25,50lb bag
CCQ,Pearl Grey,#2,marble,aggregate,50lb bag,price_list_CCQ 2026.pdf,,10.75,50lb bag
CCQ,Pearl Grey,#3-#5,marble,aggregate,50lb bag,price_list_CCQ 2026.pdf,marked + in brochure,15.25,50lb bag
CCQ,Pearl Grey,#4-#7,marble,aggregate,50lb bag,price_list_CCQ 2026.pdf,marked * in brochure,20.25,50lb bag
CCQ,Persian Cream,#0,marble,aggregate,50lb bag,price_list_CCQ 2026.pdf,,27.50,50lb bag
CCQ,Persian Cream,#1,marble,aggregate,50lb bag,price_list_CCQ 2026.pdf,,22.50,50lb bag
CCQ,Persian Cream,#2,marble,aggregate,50lb bag,price_list_CCQ 2026.pdf,,20.00,50lb bag
CCQ,Persian Cream,#3-#5,marble,aggregate,50lb bag,price_list_CCQ 2026.pdf,marked + in brochure,27.50,50lb bag
CCQ,Persian Cream,#4-#7,marble,aggregate,50lb bag,price_list_CCQ 2026.pdf,marked * in brochure,35.50,50lb bag
CCQ,Pink Rosado,#0,marble,aggregate,50lb bag,price_list_CCQ 2026.pdf,,27.75,50lb bag
CCQ,Pink Rosado,#1,marble,aggregate,50lb bag,price_list_CCQ 2026.pdf,,22.75,50lb bag
CCQ,Pink Rosado,#2,marble,aggregate,50lb bag,price_list_CCQ 2026.pdf,,20.25,50lb bag
CCQ,Pink Rosado,#3-#5,marble,aggregate,50lb bag,price_list_CCQ 2026.pdf,marked + in brochure,27.75,50lb bag
CCQ,Rebel Grey,#0,marble,aggregate,50lb bag,price_list_CCQ 2026.pdf,,17.00,50lb bag
CCQ,Rebel Grey,#1,marble,aggregate,50lb bag,price_list_CCQ 2026.pdf,,14.00,50lb bag
CCQ,Rebel Grey,#2,marble,aggregate,50lb bag,price_list_CCQ 2026.pdf,,12.50,50lb bag
CCQ,Rebel Grey,#3-#5,marble,aggregate,50lb bag,price_list_CCQ 2026.pdf,marked + in brochure,17.00,50lb bag
CCQ,Red Verona,#0,marble,aggregate,50lb bag,price_list_CCQ 2026.pdf,,33.25,50lb bag
CCQ,Red Verona,#1,marble,aggregate,50lb bag,price_list_CCQ 2026.pdf,,28.75,50lb bag
CCQ,Red Verona,#2,marble,aggregate,50lb bag,price_list_CCQ 2026.pdf,,26.25,50lb bag
CCQ,Texas Black,#0,marble,aggregate,50lb bag,price_list_CCQ 2026.pdf,,26.00,50lb bag
CCQ,Texas Black,#1,marble,aggregate,50lb bag,price_list_CCQ 2026.pdf,,21.00,50lb bag
CCQ,Texas Black,#2,marble,aggregate,50lb bag,price_list_CCQ 2026.pdf,,18.50,50lb bag
CCQ,Texas Black,#3-#5,marble,aggregate,50lb bag,price_list_CCQ 2026.pdf,marked + in brochure,26.00,50lb bag
CCQ,Texas Blue,#0,marble,aggregate,50lb bag,price_list_CCQ 2026.pdf,,18.00,50lb bag
CCQ,Texas Blue,#1,marble,aggregate,50lb bag,price_list_CCQ 2026.pdf,,15.00,50lb bag
CCQ,Texas Blue,#2,marble,aggregate,50lb bag,price_list_CCQ 2026.pdf,,13.50,50lb bag
CCQ,Texas Blue,#3-#5,marble,aggregate,50lb bag,price_list_CCQ 2026.pdf,marked + in brochure,18.00,50lb bag
CCQ,Texas Blue,#4-#7,marble,aggregate,50lb bag,price_list_CCQ 2026.pdf,marked * in brochure,23.00,50lb bag
CCQ,True Black,#0,marble,aggregate,50lb bag,price_list_CCQ 2026.pdf,,27.50,50lb bag
CCQ,True Black,#1,marble,aggregate,50lb bag,price_list_CCQ 2026.pdf,,22.50,50lb bag
CCQ,True Black,#2,marble,aggregate,50lb bag,price_list_CCQ 2026.pdf,,20.00,50lb bag
CCQ,True Black,#3-#5,marble,aggregate,50lb bag,price_list_CCQ 2026.pdf,marked + in brochure,27.50,50lb bag
CCQ,True Black,#4-#7,marble,aggregate,50lb bag,price_list_CCQ 2026.pdf,marked * in brochure,35.50,50lb bag
CCQ,True Grey,#0,marble,aggregate,50lb bag,price_list_CCQ 2026.pdf,,27.50,50lb bag
CCQ,True Grey,#1,marble,aggregate,50lb bag,price_list_CCQ 2026.pdf,,22.50,50lb bag
CCQ,True Grey,#2,marble,aggregate,50lb bag,price_list_CCQ 2026.pdf,,20.00,50lb bag
CCQ,True Grey,#3-#5,marble,aggregate,50lb bag,price_list_CCQ 2026.pdf,marked + in brochure,27.50,50lb bag
CCQ,True Grey,#4-#7,marble,aggregate,50lb bag,price_list_CCQ 2026.pdf,marked * in brochure,35.50,50lb bag
CCQ,Verde Antique,#0,marble,aggregate,50lb bag,price_list_CCQ 2026.pdf,,23.75,50lb bag
CCQ,Verde Antique,#1,marble,aggregate,50lb bag,price_list_CCQ 2026.pdf,,18.75,50lb bag
CCQ,Verde Antique,#2,marble,aggregate,50lb bag,price_list_CCQ 2026.pdf,,16.25,50lb bag
CCQ,Verde Antique,#3-#5,marble,aggregate,50lb bag,price_list_CCQ 2026.pdf,marked + in brochure,23.75,50lb bag
CCQ,Verde Antique,#4-#7,marble,aggregate,50lb bag,price_list_CCQ 2026.pdf,marked * in brochure,31.75,50lb bag
CCQ,White Rose,#0,marble,aggregate,50lb bag,price_list_CCQ 2026.pdf,,19.00,50lb bag
CCQ,White Rose,#1,marble,aggregate,50lb bag,price_list_CCQ 2026.pdf,,16.00,50lb bag
CCQ,White Rose,#2,marble,aggregate,50lb bag,price_list_CCQ 2026.pdf,,14.50,50lb bag
CCQ,Yellow Verona,#0,marble,aggregate,50lb bag,price_list_CCQ 2026.pdf,,27.75,50lb bag
CCQ,Yellow Verona,#1,marble,aggregate,50lb bag,price_list_CCQ 2026.pdf,,22.75,50lb bag
CCQ,Yellow Verona,#2,marble,aggregate,50lb bag,price_list_CCQ 2026.pdf,,20.25,50lb bag
CCQ,Yellow Verona,#3-#5,marble,aggregate,50lb bag,price_list_CCQ 2026.pdf,marked + in brochure,27.75,50lb bag
EnviroGlas,Aqua Auto Glass,1-2,glass,recycled_glass,50lb bag,EnviroGlas Products - Price List - April 2022 12.20.22.pdf,Price uses parsed per-item value,43.0,per item
EnviroGlas,Charcoal Auto Glass,1-2,glass,recycled_glass,50lb bag,EnviroGlas Products - Price List - April 2022 12.20.22.pdf,Price uses parsed per-item value,43.0,per item
EnviroGlas,Clear Flint Glass,1-2,glass,recycled_glass,50lb bag,EnviroGlas Products - Price List - April 2022 12.20.22.pdf,Price uses parsed per-item value,43.0,per item
EnviroGlas,Clear Sand,30-60 mesh,filler,sand,50lb bag,EnviroGlas Products - Price List - April 2022 12.20.22.pdf,Price uses parsed per-item value,40.0,per item
EnviroGlas,Cobalt Blue Glass,1-2,glass,recycled_glass,50lb bag,EnviroGlas Products - Price List - April 2022 12.20.22.pdf,Price uses parsed per-item value,75.0,per item
EnviroGlas,Crushed Porcelain,1-2,porcelain,recycled_porcelain,50lb bag,EnviroGlas Products - Price List - April 2022 12.20.22.pdf,Price uses parsed per-item value,45.0,per item
EnviroGlas,Mixed Bottled Glass,1-2,glass,recycled_glass,50lb bag,EnviroGlas Products - Price List - April 2022 12.20.22.pdf,Price uses parsed per-item value,43.0,per item
EnviroGlas,Mixed Brown Glass,1-2,glass,recycled_glass,50lb bag,EnviroGlas Products - Price List - April 2022 12.20.22.pdf,Price uses parsed per-item value,43.0,per item
EnviroGlas,Mixed Green Glass,1-2,glass,recycled_glass,50lb bag,EnviroGlas Products - Price List - April 2022 12.20.22.pdf,Price uses parsed per-item value,43.0,per item
EnviroGlas,Mixed Mirror Glass,1-2,glass,recycled_glass,50lb bag,EnviroGlas Products - Price List - April 2022 12.20.22.pdf,Price uses parsed per-item value,43.0,per item
EnviroGlas,Mixed Plate Glass,1-2,glass,recycled_glass,50lb bag,EnviroGlas Products - Price List - April 2022 12.20.22.pdf,Price uses parsed per-item value,43.0,per item
Southern Aggregates,Blue Gray Marble,#0,marble,marble,50lb bag,2026 PRICE LIST.pdf,,,
Southern Aggregates,Blue Gray Marble,#1,marble,marble,50lb bag,2026 PRICE LIST.pdf,,,
Southern Aggregates,Blue Gray Marble,#2,marble,marble,50lb bag,2026 PRICE LIST.pdf,,,
Southern Aggregates,Blue Gray Sand,#0,filler,sand,50lb bag,2026 PRICE LIST.pdf,Parsed subset only,11.5,50lb bag dry
Southern Aggregates,Buff Pebble,A,specialty,pebble,50lb bag,2026 PRICE LIST.pdf,,,
Southern Aggregates,Buff Pebble,B,specialty,pebble,50lb bag,2026 PRICE LIST.pdf,,,
Southern Aggregates,Buff Pebble,C,specialty,pebble,50lb bag,2026 PRICE LIST.pdf,,,
Southern Aggregates,Cardiff Green Marble,#1,marble,marble,50lb bag,2026 PRICE LIST.pdf,Parsed subset only,11.1,50lb bag dry
Southern Aggregates,Cardiff Green Marble,#2,marble,marble,50lb bag,2026 PRICE LIST.pdf,Parsed subset only,10.2,50lb bag dry
Southern Aggregates,Cardiff Green Sand,#0,filler,sand,50lb bag,2026 PRICE LIST.pdf,,,
Southern Aggregates,Carolina Quartz,#1,specialty,quartz,50lb bag,2026 PRICE LIST.pdf,,,
Southern Aggregates,Carolina Quartz,#2,specialty,quartz,50lb bag,2026 PRICE LIST.pdf,,,
Southern Aggregates,Georgia White Marble,#0,marble,marble,50lb bag,2026 PRICE LIST.pdf,,,
Southern Aggregates,Georgia White Marble,#1,marble,marble,50lb bag,2026 PRICE LIST.pdf,Parsed subset only,11.75,50lb bag dry
Southern Aggregates,Georgia White Marble,#2,marble,marble,50lb bag,2026 PRICE LIST.pdf,Parsed subset only,10.5,50lb bag dry
Southern Aggregates,Mt. Airy Granite,#1,specialty,granite,50lb bag,2026 PRICE LIST.pdf,,,
Southern Aggregates,Mt. Airy Granite,#2,specialty,granite,50lb bag,2026 PRICE LIST.pdf,,,
Southern Aggregates,Mt. Airy Granite,A,specialty,granite,50lb bag,2026 PRICE LIST.pdf,,,
Southern Aggregates,Raven Black Marble,#1,marble,marble,50lb bag,2026 PRICE LIST.pdf,Parsed subset only,13.35,50lb bag dry
Southern Aggregates,Raven Black Marble,#2,marble,marble,50lb bag,2026 PRICE LIST.pdf,Parsed subset only,12.8,50lb bag dry
Southern Aggregates,Red Cedar Marble,#0,marble,marble,50lb bag,2026 PRICE LIST.pdf,,,
Southern Aggregates,Red Cedar Marble,#1,marble,marble,50lb bag,2026 PRICE LIST.pdf,,,
Southern Aggregates,Red Cedar Marble,#2,marble,marble,50lb bag,2026 PRICE LIST.pdf,,,
Southern Aggregates,Staley Black Granite,#1,specialty,granite,50lb bag,2026 PRICE LIST.pdf,,,
Southern Aggregates,Staley Black Granite,#2,specialty,granite,50lb bag,2026 PRICE LIST.pdf,,,
Southern Aggregates,Staley Black Granite,A,specialty,granite,50lb bag,2026 PRICE LIST.pdf,,,
Southern Aggregates,Staley Black Granite,B,specialty,granite,50lb bag,2026 PRICE LIST.pdf,,,
Southern Aggregates,Staley Black Granite,C,specialty,granite,50lb bag,2026 PRICE LIST.pdf,,,
Southern Aggregates,Staley Black Sand,#0,filler,sand,50lb bag,2026 PRICE LIST.pdf,Parsed subset only,13.55,50lb bag dry
Southern Aggregates,Ultra White Marble,#1,marble,marble,50lb bag,2026 PRICE LIST.pdf,,,
Southern Aggregates,Ultra White Marble,#2,marble,marble,50lb bag,2026 PRICE LIST.pdf,,,
Southern Aggregates,White Rose Marble,#0,marble,marble,50lb bag,2026 PRICE LIST.pdf,Parsed subset only,12.75,50lb bag dry
Southern Aggregates,White Rose Marble,#1,marble,marble,50lb bag,2026 PRICE LIST.pdf,Parsed subset only,10.05,50lb bag dry
Southern Aggregates,White Rose Marble,#2,marble,marble,50lb bag,2026 PRICE LIST.pdf,Parsed subset only,9.6,50lb bag dry
Southern Aggregates,White Rose Marble,B,marble,marble,50lb bag,2026 PRICE LIST.pdf,,,
Southern Aggregates,White Rose Sand,#0,filler,sand,50lb bag,2026 PRICE LIST.pdf,,,
Southern Aggregates,Wisconsin Cream Marble,#0,marble,marble,50lb bag,2026 PRICE LIST.pdf,,,
Southern Aggregates,Wisconsin Cream Marble,#1,marble,marble,50lb bag,2026 PRICE LIST.pdf,,,
Southern Aggregates,Wisconsin Cream Marble,#2,marble,marble,50lb bag,2026 PRICE LIST.pdf,,,
Southern Aggregates,Wisconsin Cream Marble,#3,marble,marble,50lb bag,2026 PRICE LIST.pdf,,,
Southern Aggregates,Wisconsin Cream Marble,B,marble,marble,50lb bag,2026 PRICE LIST.pdf,,,
T&M Supply,1-Sided Mirror (SM),#0,glass,recycled_aggregate,bag or lb,Terroxy Price Guide 03.12.24.pdf,Subset from visible parsed pages only,39.85,FOB Baltimore
T&M Supply,1-Sided Mirror (SM),#1,glass,recycled_aggregate,bag or lb,Terroxy Price Guide 03.12.24.pdf,Subset from visible parsed pages only,39.85,FOB Baltimore
T&M Supply,1-Sided Mirror (SM),#2,glass,recycled_aggregate,bag or lb,Terroxy Price Guide 03.12.24.pdf,Subset from visible parsed pages only,39.85,FOB Baltimore
T&M Supply,1-Sided Mirror (UC),#0,glass,recycled_aggregate,bag or lb,Terroxy Price Guide 03.12.24.pdf,,,
T&M Supply,1-Sided Mirror (UC),#1,glass,recycled_aggregate,bag or lb,Terroxy Price Guide 03.12.24.pdf,,,
T&M Supply,1-Sided Mirror (UC),#2,glass,recycled_aggregate,bag or lb,Terroxy Price Guide 03.12.24.pdf,,,
T&M Supply,2-Sided Mirror,#0,glass,recycled_aggregate,bag or lb,Terroxy Price Guide 03.12.24.pdf,,,
T&M Supply,2-Sided Mirror,#1,glass,recycled_aggregate,bag or lb,Terroxy Price Guide 03.12.24.pdf,,,
T&M Supply,2-Sided Mirror,#2,glass,recycled_aggregate,bag or lb,Terroxy Price Guide 03.12.24.pdf,,,
T&M Supply,ATF - 20,ATF-20,filler,fines,50lb bag,Terroxy Price Guide 03.12.24.pdf,,,
T&M Supply,Ace Silver Coated Glass,#0,glass,recycled_aggregate,bag or lb,Terroxy Price Guide 03.12.24.pdf,,,
T&M Supply,Ace Silver Coated Glass,#1,glass,recycled_aggregate,bag or lb,Terroxy Price Guide 03.12.24.pdf,,,
T&M Supply,Ace Silver Coated Glass,#2,glass,recycled_aggregate,bag or lb,Terroxy Price Guide 03.12.24.pdf,,,
T&M Supply,Alaska White,#0,marble,turkish_aggregate,50lb bag,Terroxy Price Guide 03.12.24.pdf,,,
T&M Supply,Alaska White,#1,marble,turkish_aggregate,50lb bag,Terroxy Price Guide 03.12.24.pdf,,,
T&M Supply,Alaska White,#2,marble,turkish_aggregate,50lb bag,Terroxy Price Guide 03.12.24.pdf,,,
T&M Supply,All Sided Mirror (ASG),#0,glass,recycled_aggregate,bag or lb,Terroxy Price Guide 03.12.24.pdf,Subset from visible parsed pages only,8.55,FOB Baltimore
T&M Supply,All Sided Mirror (ASG),#1,glass,recycled_aggregate,bag or lb,Terroxy Price Guide 03.12.24.pdf,Subset from visible parsed pages only,8.55,FOB Baltimore
T&M Supply,All Sided Mirror (ASG),#2,glass,recycled_aggregate,bag or lb,Terroxy Price Guide 03.12.24.pdf,Subset from visible parsed pages only,8.55,FOB Baltimore
T&M Supply,Alpine Red,#0,marble,aggregate,50lb bag,Terroxy Price Guide 03.12.24.pdf,,,
T&M Supply,Alpine Red,#1,marble,aggregate,50lb bag,Terroxy Price Guide 03.12.24.pdf,,,
T&M Supply,Alpine Red,#2,marble,aggregate,50lb bag,Terroxy Price Guide 03.12.24.pdf,,,
T&M Supply,Amber,#0,marble,aggregate,50lb bag,Terroxy Price Guide 03.12.24.pdf,,,
T&M Supply,Amber,#1,marble,aggregate,50lb bag,Terroxy Price Guide 03.12.24.pdf,,,
T&M Supply,Amber,#2,marble,aggregate,50lb bag,Terroxy Price Guide 03.12.24.pdf,,,
T&M Supply,American Texas Pink,#0,marble,aggregate,50lb bag,Terroxy Price Guide 03.12.24.pdf,,,
T&M Supply,American Texas Pink,#1,marble,aggregate,50lb bag,Terroxy Price Guide 03.12.24.pdf,,,
T&M Supply,American Texas Pink,#2,marble,aggregate,50lb bag,Terroxy Price Guide 03.12.24.pdf,,,
T&M Supply,Arabian Black,#0,glass,recycled_aggregate,bag or lb,Terroxy Price Guide 03.12.24.pdf,,,
T&M Supply,Arabian Black,#1,glass,recycled_aggregate,bag or lb,Terroxy Price Guide 03.12.24.pdf,,,
T&M Supply,Arabian Black,#2,glass,recycled_aggregate,bag or lb,Terroxy Price Guide 03.12.24.pdf,,,
T&M Supply,Arctic White,#0,glass,recycled_aggregate,bag or lb,Terroxy Price Guide 03.12.24.pdf,,,
T&M Supply,Arctic White,#1,glass,recycled_aggregate,bag or lb,Terroxy Price Guide 03.12.24.pdf,,,
T&M Supply,Arctic White,#2,glass,recycled_aggregate,bag or lb,Terroxy Price Guide 03.12.24.pdf,,,
T&M Supply,Beige Blend,#0,marble,aggregate,50lb bag,Terroxy Price Guide 03.12.24.pdf,,,
T&M Supply,Beige Blend,#1,marble,aggregate,50lb bag,Terroxy Price Guide 03.12.24.pdf,,,
T&M Supply,Beige Blend,#2,marble,aggregate,50lb bag,Terroxy Price Guide 03.12.24.pdf,,,
T&M Supply,Black Smelter,#00,specialty,00_aggregate,50lb bag,Terroxy Price Guide 03.12.24.pdf,,,
T&M Supply,Black Stallion,#0,marble,aggregate,50lb bag,Terroxy Price Guide 03.12.24.pdf,,,
T&M Supply,Black Stallion,#1,marble,aggregate,50lb bag,Terroxy Price Guide 03.12.24.pdf,,,
T&M Supply,Black Stallion,#2,marble,aggregate,50lb bag,Terroxy Price Guide 03.12.24.pdf,,,
T&M Supply,Blanco Mexicano,#0,marble,aggregate,50lb bag,Terroxy Price Guide 03.12.24.pdf,Subset from visible parsed pages only,40.75,FOB Baltimore
T&M Supply,Blanco Mexicano,#1,marble,aggregate,50lb bag,Terroxy Price Guide 03.12.24.pdf,Subset from visible parsed pages only,34.75,FOB Baltimore
T&M Supply,Blanco Mexicano,#2,marble,aggregate,50lb bag,Terroxy Price Guide 03.12.24.pdf,Subset from visible parsed pages only,31.75,FOB Baltimore
T&M Supply,Blanco Mexicano,#3-#5,marble,aggregate,50lb bag,Terroxy Price Guide 03.12.24.pdf,,,
T&M Supply,Blue Coal,#0,marble,aggregate,50lb bag,Terroxy Price Guide 03.12.24.pdf,,,
T&M Supply,Blue Coal,#1,marble,aggregate,50lb bag,Terroxy Price Guide 03.12.24.pdf,,,
T&M Supply,Blue Coal,#2,marble,aggregate,50lb bag,Terroxy Price Guide 03.12.24.pdf,,,
T&M Supply,Blue Skies,#1,glass,art_glass,50lb bag,Terroxy Price Guide 03.12.24.pdf,,,
T&M Supply,Boston Cream,#0,marble,turkish_aggregate,50lb bag,Terroxy Price Guide 03.12.24.pdf,,,
T&M Supply,Boston Cream,#1,marble,turkish_aggregate,50lb bag,Terroxy Price Guide 03.12.24.pdf,,,
T&M Supply,Boston Cream,#2,marble,turkish_aggregate,50lb bag,Terroxy Price Guide 03.12.24.pdf,,,
T&M Supply,Botticino Beige,#0,marble,turkish_aggregate,50lb bag,Terroxy Price Guide 03.12.24.pdf,,,
T&M Supply,Botticino Beige,#1,marble,turkish_aggregate,50lb bag,Terroxy Price Guide 03.12.24.pdf,,,
T&M Supply,Botticino Beige,#2,marble,turkish_aggregate,50lb bag,Terroxy Price Guide 03.12.24.pdf,,,
T&M Supply,Botticino Prima Vera,#3-#5,marble,aggregate,50lb bag,Terroxy Price Guide 03.12.24.pdf,,,
T&M Supply,Brick Red,#0,marble,turkish_aggregate,50lb bag,Terroxy Price Guide 03.12.24.pdf,,,
T&M Supply,Brick Red,#1,marble,turkish_aggregate,50lb bag,Terroxy Price Guide 03.12.24.pdf,,,
T&M Supply,Brick Red,#2,marble,turkish_aggregate,50lb bag,Terroxy Price Guide 03.12.24.pdf,,,
T&M Supply,Burgundy,#0,marble,aggregate,50lb bag,Terroxy Price Guide 03.12.24.pdf,,,
T&M Supply,Burgundy,#1,marble,aggregate,50lb bag,Terroxy Price Guide 03.12.24.pdf,,,
T&M Supply,Burgundy,#2,marble,aggregate,50lb bag,Terroxy Price Guide 03.12.24.pdf,,,
T&M Supply,Buttercup,#1,glass,art_glass,50lb bag,Terroxy Price Guide 03.12.24.pdf,,,
T&M Supply,CC Green,#0,marble,aggregate,50lb bag,Terroxy Price Guide 03.12.24.pdf,,,
T&M Supply,CC Green,#1,marble,aggregate,50lb bag,Terroxy Price Guide 03.12.24.pdf,,,
T&M Supply,CC Green,#2,marble,aggregate,50lb bag,Terroxy Price Guide 03.12.24.pdf,,,
T&M Supply,CC Old Yellow,#0,marble,aggregate,50lb bag,Terroxy Price Guide 03.12.24.pdf,,,
T&M Supply,CC Old Yellow,#1,marble,aggregate,50lb bag,Terroxy Price Guide 03.12.24.pdf,,,
T&M Supply,CC Old Yellow,#2,marble,aggregate,50lb bag,Terroxy Price Guide 03.12.24.pdf,,,
T&M Supply,CC Yellow Verona,#0,marble,aggregate,50lb bag,Terroxy Price Guide 03.12.24.pdf,,,
T&M Supply,CC Yellow Verona,#1,marble,aggregate,50lb bag,Terroxy Price Guide 03.12.24.pdf,,,
T&M Supply,CC Yellow Verona,#2,marble,aggregate,50lb bag,Terroxy Price Guide 03.12.24.pdf,,,
T&M Supply,Calate White,#00,marble,00_aggregate,50lb bag,Terroxy Price Guide 03.12.24.pdf,,,
T&M Supply,Cameo Cream,#0,marble,aggregate,50lb bag,Terroxy Price Guide 03.12.24.pdf,Subset from visible parsed pages only,29.8,FOB Baltimore
T&M Supply,Cameo Cream,#1,marble,aggregate,50lb bag,Terroxy Price Guide 03.12.24.pdf,Subset from visible parsed pages only,25.8,FOB Baltimore
T&M Supply,Cameo Cream,#2,marble,aggregate,50lb bag,Terroxy Price Guide 03.12.24.pdf,Subset from visible parsed pages only,23.7,FOB Baltimore
T&M Supply,Cherry Blossom,#1,glass,art_glass,50lb bag,Terroxy Price Guide 03.12.24.pdf,,,
T&M Supply,Chewelah Yellow,#0,marble,aggregate,50lb bag,Terroxy Price Guide 03.12.24.pdf,,,
T&M Supply,Chewelah Yellow,#1,marble,aggregate,50lb bag,Terroxy Price Guide 03.12.24.pdf,,,
T&M Supply,Chewelah Yellow,#2,marble,aggregate,50lb bag,Terroxy Price Guide 03.12.24.pdf,,,
T&M Supply,China White,#0,marble,aggregate,50lb bag,Terroxy Price Guide 03.12.24.pdf,Subset from visible parsed pages only,30.5,FOB Baltimore
T&M Supply,China White,#1,marble,aggregate,50lb bag,Terroxy Price Guide 03.12.24.pdf,Subset from visible parsed pages only,29.8,FOB Baltimore
T&M Supply,China White,#2,marble,aggregate,50lb bag,Terroxy Price Guide 03.12.24.pdf,Subset from visible parsed pages only,29.15,FOB Baltimore
T&M Supply,Chocolate (ASG),#0,glass,recycled_aggregate,bag or lb,Terroxy Price Guide 03.12.24.pdf,,,
T&M Supply,Chocolate (ASG),#1,glass,recycled_aggregate,bag or lb,Terroxy Price Guide 03.12.24.pdf,,,
T&M Supply,Chocolate (ASG),#2,glass,recycled_aggregate,bag or lb,Terroxy Price Guide 03.12.24.pdf,,,
T&M Supply,Chocolate (UC),#0,glass,recycled_aggregate,bag or lb,Terroxy Price Guide 03.12.24.pdf,,,
T&M Supply,Chocolate (UC),#1,glass,recycled_aggregate,bag or lb,Terroxy Price Guide 03.12.24.pdf,,,
T&M Supply,Chocolate (UC),#2,glass,recycled_aggregate,bag or lb,Terroxy Price Guide 03.12.24.pdf,,,
T&M Supply,Chocolate Heritage,#0,marble,aggregate,50lb bag,Terroxy Price Guide 03.12.24.pdf,,,
T&M Supply,Chocolate Heritage,#1,marble,aggregate,50lb bag,Terroxy Price Guide 03.12.24.pdf,,,
T&M Supply,Chocolate Heritage,#2,marble,aggregate,50lb bag,Terroxy Price Guide 03.12.24.pdf,,,
T&M Supply,Chunky Orange,#0,glass,recycled_aggregate,bag or lb,Terroxy Price Guide 03.12.24.pdf,,,
T&M Supply,Chunky Orange,#1,glass,recycled_aggregate,bag or lb,Terroxy Price Guide 03.12.24.pdf,,,
T&M Supply,Chunky Orange,#2,glass,recycled_aggregate,bag or lb,Terroxy Price Guide 03.12.24.pdf,,,
T&M Supply,Clear Glass Fines,Fines,filler,fines,50lb bag,Terroxy Price Guide 03.12.24.pdf,,,
T&M Supply,Coal Black,#0,marble,turkish_aggregate,50lb bag,Terroxy Price Guide 03.12.24.pdf,,,
T&M Supply,Coal Black,#1,marble,turkish_aggregate,50lb bag,Terroxy Price Guide 03.12.24.pdf,,,
T&M Supply,Coal Black,#2,marble,turkish_aggregate,50lb bag,Terroxy Price Guide 03.12.24.pdf,,,
T&M Supply,Coffee Brown,#0,marble,turkish_aggregate,50lb bag,Terroxy Price Guide 03.12.24.pdf,,,
T&M Supply,Coffee Brown,#1,marble,turkish_aggregate,50lb bag,Terroxy Price Guide 03.12.24.pdf,,,
T&M Supply,Coffee Brown,#2,marble,turkish_aggregate,50lb bag,Terroxy Price Guide 03.12.24.pdf,,,
T&M Supply,Crystal (ASG),#0,glass,recycled_aggregate,bag or lb,Terroxy Price Guide 03.12.24.pdf,,,
T&M Supply,Crystal (ASG),#1,glass,recycled_aggregate,bag or lb,Terroxy Price Guide 03.12.24.pdf,,,
T&M Supply,Crystal (ASG),#2,glass,recycled_aggregate,bag or lb,Terroxy Price Guide 03.12.24.pdf,,,
T&M Supply,Crystal (SM),#0,glass,recycled_aggregate,bag or lb,Terroxy Price Guide 03.12.24.pdf,,,
T&M Supply,Crystal (SM),#00,glass,00_aggregate,50lb bag,Terroxy Price Guide 03.12.24.pdf,,,
T&M Supply,Crystal (SM),#1,glass,recycled_aggregate,bag or lb,Terroxy Price Guide 03.12.24.pdf,,,
T&M Supply,Crystal (SM),#2,glass,recycled_aggregate,bag or lb,Terroxy Price Guide 03.12.24.pdf,,,
T&M Supply,Crystal (UC),#0,glass,recycled_aggregate,bag or lb,Terroxy Price Guide 03.12.24.pdf,,,
T&M Supply,Crystal (UC),#00,glass,00_aggregate,50lb bag,Terroxy Price Guide 03.12.24.pdf,,,
T&M Supply,Crystal (UC),#1,glass,recycled_aggregate,bag or lb,Terroxy Price Guide 03.12.24.pdf,,,
T&M Supply,Crystal (UC),#2,glass,recycled_aggregate,bag or lb,Terroxy Price Guide 03.12.24.pdf,,,
T&M Supply,Dark Red,#0,marble,aggregate,50lb bag,Terroxy Price Guide 03.12.24.pdf,,,
T&M Supply,Dark Red,#1,marble,aggregate,50lb bag,Terroxy Price Guide 03.12.24.pdf,,,
T&M Supply,Dark Red,#2,marble,aggregate,50lb bag,Terroxy Price Guide 03.12.24.pdf,,,
T&M Supply,Diablo Blue,#0,marble,aggregate,50lb bag,Terroxy Price Guide 03.12.24.pdf,,,
T&M Supply,Diablo Blue,#1,marble,aggregate,50lb bag,Terroxy Price Guide 03.12.24.pdf,,,
T&M Supply,Diablo Blue,#2,marble,aggregate,50lb bag,Terroxy Price Guide 03.12.24.pdf,,,
T&M Supply,Dusty Rose,#0,marble,aggregate,50lb bag,Terroxy Price Guide 03.12.24.pdf,,,
T&M Supply,Dusty Rose,#1,marble,aggregate,50lb bag,Terroxy Price Guide 03.12.24.pdf,,,
T&M Supply,Dusty Rose,#2,marble,aggregate,50lb bag,Terroxy Price Guide 03.12.24.pdf,,,
T&M Supply,Eagle Grey,#0,marble,aggregate,50lb bag,Terroxy Price Guide 03.12.24.pdf,,,
T&M Supply,Eagle Grey,#1,marble,aggregate,50lb bag,Terroxy Price Guide 03.12.24.pdf,,,
T&M Supply,Eagle Grey,#2,marble,aggregate,50lb bag,Terroxy Price Guide 03.12.24.pdf,,,
T&M Supply,Earth Blend,#1,glass,art_glass,50lb bag,Terroxy Price Guide 03.12.24.pdf,,,
T&M Supply,Extreme White,#0,marble,imported_aggregate,50lb bag,Terroxy Price Guide 03.12.24.pdf,,,
T&M Supply,Extreme White,#1,marble,imported_aggregate,50lb bag,Terroxy Price Guide 03.12.24.pdf,,,
T&M Supply,Extreme White,#2,marble,imported_aggregate,50lb bag,Terroxy Price Guide 03.12.24.pdf,,,
T&M Supply,Forest Green,#0,marble,aggregate,50lb bag,Terroxy Price Guide 03.12.24.pdf,,,
T&M Supply,Forest Green,#1,marble,aggregate,50lb bag,Terroxy Price Guide 03.12.24.pdf,,,
T&M Supply,Forest Green,#2,marble,aggregate,50lb bag,Terroxy Price Guide 03.12.24.pdf,,,
T&M Supply,Georgia White,#0,marble,aggregate,50lb bag,Terroxy Price Guide 03.12.24.pdf,,,
T&M Supply,Georgia White,#1,marble,aggregate,50lb bag,Terroxy Price Guide 03.12.24.pdf,,,
T&M Supply,Georgia White,#2,marble,aggregate,50lb bag,Terroxy Price Guide 03.12.24.pdf,,,
T&M Supply,Glacier Grey,#0,marble,aggregate,50lb bag,Terroxy Price Guide 03.12.24.pdf,,,
T&M Supply,Glacier Grey,#1,marble,aggregate,50lb bag,Terroxy Price Guide 03.12.24.pdf,,,
T&M Supply,Glacier Grey,#2,marble,aggregate,50lb bag,Terroxy Price Guide 03.12.24.pdf,,,
T&M Supply,Gun Metal,#0,marble,aggregate,50lb bag,Terroxy Price Guide 03.12.24.pdf,,,
T&M Supply,Gun Metal,#1,marble,aggregate,50lb bag,Terroxy Price Guide 03.12.24.pdf,,,
T&M Supply,Gun Metal,#2,marble,aggregate,50lb bag,Terroxy Price Guide 03.12.24.pdf,,,
T&M Supply,Honey,#0,glass,recycled_aggregate,bag or lb,Terroxy Price Guide 03.12.24.pdf,,,
T&M Supply,Honey,#1,glass,recycled_aggregate,bag or lb,Terroxy Price Guide 03.12.24.pdf,,,
T&M Supply,Honey,#2,glass,recycled_aggregate,bag or lb,Terroxy Price Guide 03.12.24.pdf,,,
T&M Supply,Honey Yellow,#0,marble,turkish_aggregate,50lb bag,Terroxy Price Guide 03.12.24.pdf,,,
T&M Supply,Honey Yellow,#1,marble,turkish_aggregate,50lb bag,Terroxy Price Guide 03.12.24.pdf,,,
T&M Supply,Honey Yellow,#2,marble,turkish_aggregate,50lb bag,Terroxy Price Guide 03.12.24.pdf,,,
T&M Supply,Icicle,#1,glass,art_glass,50lb bag,Terroxy Price Guide 03.12.24.pdf,,,
T&M Supply,Imperial White,#3-#5,marble,aggregate,50lb bag,Terroxy Price Guide 03.12.24.pdf,,,
T&M Supply,Indian Corn,#1,glass,art_glass,50lb bag,Terroxy Price Guide 03.12.24.pdf,,,
T&M Supply,Italian Bianco Verona,#0,marble,imported_aggregate,50lb bag,Terroxy Price Guide 03.12.24.pdf,,,
T&M Supply,Italian Bianco Verona,#1,marble,imported_aggregate,50lb bag,Terroxy Price Guide 03.12.24.pdf,,,
T&M Supply,Italian Bianco Verona,#2,marble,imported_aggregate,50lb bag,Terroxy Price Guide 03.12.24.pdf,,,
T&M Supply,Italian Black,#0,marble,imported_aggregate,50lb bag,Terroxy Price Guide 03.12.24.pdf,,,
T&M Supply,Italian Black,#1,marble,imported_aggregate,50lb bag,Terroxy Price Guide 03.12.24.pdf,,,
T&M Supply,Italian Black,#2,marble,imported_aggregate,50lb bag,Terroxy Price Guide 03.12.24.pdf,,,
T&M Supply,Italian Black Tumbled,#0,marble,imported_aggregate,50lb bag,Terroxy Price Guide 03.12.24.pdf,,,
T&M Supply,Italian Black Tumbled,#1,marble,imported_aggregate,50lb bag,Terroxy Price Guide 03.12.24.pdf,,,
T&M Supply,Italian Black Tumbled,#2,marble,imported_aggregate,50lb bag,Terroxy Price Guide 03.12.24.pdf,,,
T&M Supply,Italian Blue Bardiglio,#0,marble,imported_aggregate,50lb bag,Terroxy Price Guide 03.12.24.pdf,,,
T&M Supply,Italian Blue Bardiglio,#1,marble,imported_aggregate,50lb bag,Terroxy Price Guide 03.12.24.pdf,,,
T&M Supply,Italian Blue Bardiglio,#2,marble,imported_aggregate,50lb bag,Terroxy Price Guide 03.12.24.pdf,,,
T&M Supply,Italian Botticino,#0,marble,imported_aggregate,50lb bag,Terroxy Price Guide 03.12.24.pdf,,,
T&M Supply,Italian Botticino,#1,marble,imported_aggregate,50lb bag,Terroxy Price Guide 03.12.24.pdf,,,
T&M Supply,Italian Botticino,#2,marble,imported_aggregate,50lb bag,Terroxy Price Guide 03.12.24.pdf,,,
T&M Supply,Italian Breccia Aurora,#0,marble,imported_aggregate,50lb bag,Terroxy Price Guide 03.12.24.pdf,,,
T&M Supply,Italian Breccia Aurora,#1,marble,imported_aggregate,50lb bag,Terroxy Price Guide 03.12.24.pdf,,,
T&M Supply,Italian Breccia Aurora,#2,marble,imported_aggregate,50lb bag,Terroxy Price Guide 03.12.24.pdf,,,
T&M Supply,Italian Breccia Pernice,#0,marble,imported_aggregate,50lb bag,Terroxy Price Guide 03.12.24.pdf,,,
T&M Supply,Italian Breccia Pernice,#1,marble,imported_aggregate,50lb bag,Terroxy Price Guide 03.12.24.pdf,,,
T&M Supply,Italian Breccia Pernice,#2,marble,imported_aggregate,50lb bag,Terroxy Price Guide 03.12.24.pdf,,,
T&M Supply,Italian Calacatta,#0,marble,imported_aggregate,50lb bag,Terroxy Price Guide 03.12.24.pdf,,,
T&M Supply,Italian Calacatta,#1,marble,imported_aggregate,50lb bag,Terroxy Price Guide 03.12.24.pdf,,,
T&M Supply,Italian Calacatta,#2,marble,imported_aggregate,50lb bag,Terroxy Price Guide 03.12.24.pdf,,,
T&M Supply,Italian Grigio Venato,#0,marble,imported_aggregate,50lb bag,Terroxy Price Guide 03.12.24.pdf,,,
T&M Supply,Italian Grigio Venato,#1,marble,imported_aggregate,50lb bag,Terroxy Price Guide 03.12.24.pdf,,,
T&M Supply,Italian Grigio Venato,#2,marble,imported_aggregate,50lb bag,Terroxy Price Guide 03.12.24.pdf,,,
T&M Supply,Italian Occhialino,#0,marble,imported_aggregate,50lb bag,Terroxy Price Guide 03.12.24.pdf,,,
T&M Supply,Italian Occhialino,#1,marble,imported_aggregate,50lb bag,Terroxy Price Guide 03.12.24.pdf,,,
T&M Supply,Italian Occhialino,#2,marble,imported_aggregate,50lb bag,Terroxy Price Guide 03.12.24.pdf,,,
T&M Supply,Italian Red Levanto,#0,marble,imported_aggregate,50lb bag,Terroxy Price Guide 03.12.24.pdf,,,
T&M Supply,Italian Red Levanto,#1,marble,imported_aggregate,50lb bag,Terroxy Price Guide 03.12.24.pdf,,,
T&M Supply,Italian Red Levanto,#2,marble,imported_aggregate,50lb bag,Terroxy Price Guide 03.12.24.pdf,,,
T&M Supply,Italian Red Verona,#0,marble,imported_aggregate,50lb bag,Terroxy Price Guide 03.12.24.pdf,,,
T&M Supply,Italian Red Verona,#1,marble,imported_aggregate,50lb bag,Terroxy Price Guide 03.12.24.pdf,,,
T&M Supply,Italian Red Verona,#2,marble,imported_aggregate,50lb bag,Terroxy Price Guide 03.12.24.pdf,,,
T&M Supply,Italian Rose,#0,marble,imported_aggregate,50lb bag,Terroxy Price Guide 03.12.24.pdf,,,
T&M Supply,Italian Rose,#1,marble,imported_aggregate,50lb bag,Terroxy Price Guide 03.12.24.pdf,,,
T&M Supply,Italian Rose,#2,marble,imported_aggregate,50lb bag,Terroxy Price Guide 03.12.24.pdf,,,
T&M Supply,Italian Rosso Arabescato,#0,marble,imported_aggregate,50lb bag,Terroxy Price Guide 03.12.24.pdf,,,
T&M Supply,Italian Rosso Arabescato,#1,marble,imported_aggregate,50lb bag,Terroxy Price Guide 03.12.24.pdf,,,
T&M Supply,Italian Rosso Arabescato,#2,marble,imported_aggregate,50lb bag,Terroxy Price Guide 03.12.24.pdf,,,
T&M Supply,Italian Verde Alpi,#0,marble,imported_aggregate,50lb bag,Terroxy Price Guide 03.12.24.pdf,,,
T&M Supply,Italian Verde Alpi,#1,marble,imported_aggregate,50lb bag,Terroxy Price Guide 03.12.24.pdf,,,
T&M Supply,Italian Verde Alpi,#2,marble,imported_aggregate,50lb bag,Terroxy Price Guide 03.12.24.pdf,,,
T&M Supply,Italian White,#0,marble,imported_aggregate,50lb bag,Terroxy Price Guide 03.12.24.pdf,Subset from visible parsed pages only,20.95,FOB Baltimore
T&M Supply,Italian White,#1,marble,imported_aggregate,50lb bag,Terroxy Price Guide 03.12.24.pdf,Subset from visible parsed pages only,20.95,FOB Baltimore
T&M Supply,Italian White,#2,marble,imported_aggregate,50lb bag,Terroxy Price Guide 03.12.24.pdf,Subset from visible parsed pages only,20.95,FOB Baltimore
T&M Supply,Italian White Tumbled,#0,marble,imported_aggregate,50lb bag,Terroxy Price Guide 03.12.24.pdf,,,
T&M Supply,Italian White Tumbled,#1,marble,imported_aggregate,50lb bag,Terroxy Price Guide 03.12.24.pdf,,,
T&M Supply,Italian White Tumbled,#2,marble,imported_aggregate,50lb bag,Terroxy Price Guide 03.12.24.pdf,,,
T&M Supply,Italian Yellow Siena,#0,marble,imported_aggregate,50lb bag,Terroxy Price Guide 03.12.24.pdf,,,
T&M Supply,Italian Yellow Siena,#1,marble,imported_aggregate,50lb bag,Terroxy Price Guide 03.12.24.pdf,,,
T&M Supply,Italian Yellow Siena,#2,marble,imported_aggregate,50lb bag,Terroxy Price Guide 03.12.24.pdf,,,
T&M Supply,Italian Yellow Verona,#0,marble,imported_aggregate,50lb bag,Terroxy Price Guide 03.12.24.pdf,,,
T&M Supply,Italian Yellow Verona,#1,marble,imported_aggregate,50lb bag,Terroxy Price Guide 03.12.24.pdf,,,
T&M Supply,Italian Yellow Verona,#2,marble,imported_aggregate,50lb bag,Terroxy Price Guide 03.12.24.pdf,,,
T&M Supply,Ivory Botticino,#0,marble,aggregate,50lb bag,Terroxy Price Guide 03.12.24.pdf,,,
T&M Supply,Ivory Botticino,#1,marble,aggregate,50lb bag,Terroxy Price Guide 03.12.24.pdf,,,
T&M Supply,Ivory Botticino,#2,marble,aggregate,50lb bag,Terroxy Price Guide 03.12.24.pdf,,,
T&M Supply,Jade,#0,glass,recycled_aggregate,bag or lb,Terroxy Price Guide 03.12.24.pdf,,,
T&M Supply,Jade,#1,glass,recycled_aggregate,bag or lb,Terroxy Price Guide 03.12.24.pdf,,,
T&M Supply,Jade,#2,glass,recycled_aggregate,bag or lb,Terroxy Price Guide 03.12.24.pdf,,,
T&M Supply,Jersey Cream,#0,marble,turkish_aggregate,50lb bag,Terroxy Price Guide 03.12.24.pdf,,,
T&M Supply,Jersey Cream,#1,marble,turkish_aggregate,50lb bag,Terroxy Price Guide 03.12.24.pdf,,,
T&M Supply,Jersey Cream,#2,marble,turkish_aggregate,50lb bag,Terroxy Price Guide 03.12.24.pdf,,,
T&M Supply,Lavender,#0,glass,recycled_aggregate,bag or lb,Terroxy Price Guide 03.12.24.pdf,,,
T&M Supply,Lavender,#1,glass,recycled_aggregate,bag or lb,Terroxy Price Guide 03.12.24.pdf,,,
T&M Supply,Lavender,#2,glass,recycled_aggregate,bag or lb,Terroxy Price Guide 03.12.24.pdf,,,
T&M Supply,Lemon Ice,#0,glass,recycled_aggregate,bag or lb,Terroxy Price Guide 03.12.24.pdf,,,
T&M Supply,Lemon Ice,#1,glass,recycled_aggregate,bag or lb,Terroxy Price Guide 03.12.24.pdf,,,
T&M Supply,Lemon Ice,#2,glass,recycled_aggregate,bag or lb,Terroxy Price Guide 03.12.24.pdf,,,
T&M Supply,Madoc White,#0,marble,aggregate,50lb bag,Terroxy Price Guide 03.12.24.pdf,,,
T&M Supply,Madoc White,#1,marble,aggregate,50lb bag,Terroxy Price Guide 03.12.24.pdf,,,
T&M Supply,Madoc White,#2,marble,aggregate,50lb bag,Terroxy Price Guide 03.12.24.pdf,,,
T&M Supply,Marble White 200,200,filler,fines,50lb bag,Terroxy Price Guide 03.12.24.pdf,,,
T&M Supply,Metallic Iridescent,#1,glass,art_glass,50lb bag,Terroxy Price Guide 03.12.24.pdf,,,
T&M Supply,Micro Blend Base Aggregate,Micro Blend,filler,fines,50lb bag,Terroxy Price Guide 03.12.24.pdf,,,
T&M Supply,Midnight Blue (ASG),#0,glass,recycled_aggregate,bag or lb,Terroxy Price Guide 03.12.24.pdf,,,
T&M Supply,Midnight Blue (ASG),#1,glass,recycled_aggregate,bag or lb,Terroxy Price Guide 03.12.24.pdf,,,
T&M Supply,Midnight Blue (ASG),#2,glass,recycled_aggregate,bag or lb,Terroxy Price Guide 03.12.24.pdf,,,
T&M Supply,Midnight Blue (LZ),#0,marble,imported_aggregate,50lb bag,Terroxy Price Guide 03.12.24.pdf,,,
T&M Supply,Midnight Blue (LZ),#1,marble,imported_aggregate,50lb bag,Terroxy Price Guide 03.12.24.pdf,,,
T&M Supply,Midnight Blue (LZ),#2,marble,imported_aggregate,50lb bag,Terroxy Price Guide 03.12.24.pdf,,,
T&M Supply,Midnight Blues,#1,glass,art_glass,50lb bag,Terroxy Price Guide 03.12.24.pdf,,,
T&M Supply,Missouri Botticino,#0,marble,aggregate,50lb bag,Terroxy Price Guide 03.12.24.pdf,,,
T&M Supply,Missouri Botticino,#1,marble,aggregate,50lb bag,Terroxy Price Guide 03.12.24.pdf,,,
T&M Supply,Missouri Botticino,#2,marble,aggregate,50lb bag,Terroxy Price Guide 03.12.24.pdf,,,
T&M Supply,Misty Grey,#0,marble,aggregate,50lb bag,Terroxy Price Guide 03.12.24.pdf,,,
T&M Supply,Misty Grey,#1,marble,aggregate,50lb bag,Terroxy Price Guide 03.12.24.pdf,,,
T&M Supply,Misty Grey,#2,marble,aggregate,50lb bag,Terroxy Price Guide 03.12.24.pdf,,,
T&M Supply,Mocha,#0,marble,aggregate,50lb bag,Terroxy Price Guide 03.12.24.pdf,,,
T&M Supply,Mocha,#1,marble,aggregate,50lb bag,Terroxy Price Guide 03.12.24.pdf,,,
T&M Supply,Mocha,#2,marble,aggregate,50lb bag,Terroxy Price Guide 03.12.24.pdf,,,
T&M Supply,Mojito,#1,glass,art_glass,50lb bag,Terroxy Price Guide 03.12.24.pdf,,,
T&M Supply,Mother of Pearl Classic,1,specialty,imported_aggregate,50lb bag,Terroxy Price Guide 03.12.24.pdf,Subset from visible parsed pages only,137.75,per pallet
T&M Supply,Mother of Pearl Classic,2,specialty,imported_aggregate,50lb bag,Terroxy Price Guide 03.12.24.pdf,Subset from visible parsed pages only,137.75,per pallet
T&M Supply,Mother of Pearl Classic,3,specialty,imported_aggregate,50lb bag,Terroxy Price Guide 03.12.24.pdf,Subset from visible parsed pages only,137.75,per pallet
T&M Supply,Mother of Pearl FW,1,specialty,imported_aggregate,50lb bag,Terroxy Price Guide 03.12.24.pdf,,,
T&M Supply,Mother of Pearl FW,2,specialty,imported_aggregate,50lb bag,Terroxy Price Guide 03.12.24.pdf,,,
T&M Supply,Mother of Pearl FW,3,specialty,imported_aggregate,50lb bag,Terroxy Price Guide 03.12.24.pdf,,,
T&M Supply,Mount Airy,#0,specialty,hard_aggregate,50lb bag,Terroxy Price Guide 03.12.24.pdf,,,
T&M Supply,Mount Airy,#1,specialty,hard_aggregate,50lb bag,Terroxy Price Guide 03.12.24.pdf,,,
T&M Supply,Mount Airy,#2,specialty,hard_aggregate,50lb bag,Terroxy Price Guide 03.12.24.pdf,,,
T&M Supply,Nasturtium,#1,glass,art_glass,50lb bag,Terroxy Price Guide 03.12.24.pdf,,,
T&M Supply,Nero MOP,#0,specialty,imported_aggregate,50lb bag,Terroxy Price Guide 03.12.24.pdf,,,
T&M Supply,Nero MOP,#1,specialty,imported_aggregate,50lb bag,Terroxy Price Guide 03.12.24.pdf,,,
T&M Supply,Nero MOP,#2,specialty,imported_aggregate,50lb bag,Terroxy Price Guide 03.12.24.pdf,,,
T&M Supply,New Royal Green,#0,marble,aggregate,50lb bag,Terroxy Price Guide 03.12.24.pdf,,,
T&M Supply,New Royal Green,#1,marble,aggregate,50lb bag,Terroxy Price Guide 03.12.24.pdf,,,
T&M Supply,New Royal Green,#2,marble,aggregate,50lb bag,Terroxy Price Guide 03.12.24.pdf,,,
T&M Supply,Oceania MOP,#0,specialty,imported_aggregate,50lb bag,Terroxy Price Guide 03.12.24.pdf,,,
T&M Supply,Oceania MOP,#1,specialty,imported_aggregate,50lb bag,Terroxy Price Guide 03.12.24.pdf,,,
T&M Supply,Oceania MOP,#2,specialty,imported_aggregate,50lb bag,Terroxy Price Guide 03.12.24.pdf,,,
T&M Supply,One-Sided Mirror (UC),#00,mirror,00_aggregate,50lb bag,Terroxy Price Guide 03.12.24.pdf,,,
T&M Supply,Onyx,#0,marble,aggregate,50lb bag,Terroxy Price Guide 03.12.24.pdf,,,
T&M Supply,Onyx,#1,marble,aggregate,50lb bag,Terroxy Price Guide 03.12.24.pdf,,,
T&M Supply,Onyx,#2,marble,aggregate,50lb bag,Terroxy Price Guide 03.12.24.pdf,,,
T&M Supply,Onyx Yellow,#0,marble,turkish_aggregate,50lb bag,Terroxy Price Guide 03.12.24.pdf,,,
T&M Supply,Onyx Yellow,#1,marble,turkish_aggregate,50lb bag,Terroxy Price Guide 03.12.24.pdf,,,
T&M Supply,Onyx Yellow,#2,marble,turkish_aggregate,50lb bag,Terroxy Price Guide 03.12.24.pdf,,,
T&M Supply,Oxblood Red,#0,marble,aggregate,50lb bag,Terroxy Price Guide 03.12.24.pdf,,,
T&M Supply,Oxblood Red,#1,marble,aggregate,50lb bag,Terroxy Price Guide 03.12.24.pdf,,,
T&M Supply,Oxblood Red,#2,marble,aggregate,50lb bag,Terroxy Price Guide 03.12.24.pdf,,,
T&M Supply,Pacific Abalone,#0,specialty,imported_aggregate,50lb bag,Terroxy Price Guide 03.12.24.pdf,,,
T&M Supply,Pacific Abalone,#1,specialty,imported_aggregate,50lb bag,Terroxy Price Guide 03.12.24.pdf,,,
T&M Supply,Pacific Abalone,#2,specialty,imported_aggregate,50lb bag,Terroxy Price Guide 03.12.24.pdf,,,
T&M Supply,Pacific Clear Glass,#0,glass,recycled_aggregate,bag or lb,Terroxy Price Guide 03.12.24.pdf,Subset from visible parsed pages only,34.0,bag price
T&M Supply,Pacific Clear Glass,#1,glass,recycled_aggregate,bag or lb,Terroxy Price Guide 03.12.24.pdf,Subset from visible parsed pages only,34.0,bag price
T&M Supply,Pacific Clear Glass,#2,glass,recycled_aggregate,bag or lb,Terroxy Price Guide 03.12.24.pdf,Subset from visible parsed pages only,34.0,bag price
T&M Supply,Pacific One-Sided Mirror,#0,glass,recycled_aggregate,bag or lb,Terroxy Price Guide 03.12.24.pdf,,,
T&M Supply,Pacific One-Sided Mirror,#1,glass,recycled_aggregate,bag or lb,Terroxy Price Guide 03.12.24.pdf,,,
T&M Supply,Pacific One-Sided Mirror,#2,glass,recycled_aggregate,bag or lb,Terroxy Price Guide 03.12.24.pdf,,,
T&M Supply,Peachy Pink,#0,marble,turkish_aggregate,50lb bag,Terroxy Price Guide 03.12.24.pdf,,,
T&M Supply,Peachy Pink,#1,marble,turkish_aggregate,50lb bag,Terroxy Price Guide 03.12.24.pdf,,,
T&M Supply,Peachy Pink,#2,marble,turkish_aggregate,50lb bag,Terroxy Price Guide 03.12.24.pdf,,,
T&M Supply,Pearl Gray,#3-#5,marble,aggregate,50lb bag,Terroxy Price Guide 03.12.24.pdf,,,
T&M Supply,Pepper Harvest,#0,marble,aggregate,50lb bag,Terroxy Price Guide 03.12.24.pdf,Subset from visible parsed pages only,18.7,FOB Baltimore
T&M Supply,Pepper Harvest,#00,marble,aggregate,50lb bag,Terroxy Price Guide 03.12.24.pdf,,,
T&M Supply,Pepper Harvest,#1,marble,aggregate,50lb bag,Terroxy Price Guide 03.12.24.pdf,Subset from visible parsed pages only,16.3,FOB Baltimore
T&M Supply,Pepper Harvest,#2,marble,aggregate,50lb bag,Terroxy Price Guide 03.12.24.pdf,Subset from visible parsed pages only,16.3,FOB Baltimore
T&M Supply,Pepper Harvest,#3-#5,marble,aggregate,50lb bag,Terroxy Price Guide 03.12.24.pdf,,,
T&M Supply,Persian Cream,#0,marble,aggregate,50lb bag,Terroxy Price Guide 03.12.24.pdf,,,
T&M Supply,Persian Cream,#1,marble,aggregate,50lb bag,Terroxy Price Guide 03.12.24.pdf,,,
T&M Supply,Persian Cream,#2,marble,aggregate,50lb bag,Terroxy Price Guide 03.12.24.pdf,,,
T&M Supply,Philly Red,#0,marble,turkish_aggregate,50lb bag,Terroxy Price Guide 03.12.24.pdf,,,
T&M Supply,Philly Red,#1,marble,turkish_aggregate,50lb bag,Terroxy Price Guide 03.12.24.pdf,,,
T&M Supply,Philly Red,#2,marble,turkish_aggregate,50lb bag,Terroxy Price Guide 03.12.24.pdf,,,
T&M Supply,Pink Cream,#0,marble,turkish_aggregate,50lb bag,Terroxy Price Guide 03.12.24.pdf,,,
T&M Supply,Pink Cream,#1,marble,turkish_aggregate,50lb bag,Terroxy Price Guide 03.12.24.pdf,,,
T&M Supply,Pink Cream,#2,marble,turkish_aggregate,50lb bag,Terroxy Price Guide 03.12.24.pdf,,,
T&M Supply,Plate Glass (ASG),#0,glass,recycled_aggregate,bag or lb,Terroxy Price Guide 03.12.24.pdf,Subset from visible parsed pages only,34.75,FOB Garden Grove
T&M Supply,Plate Glass (ASG),#1,glass,recycled_aggregate,bag or lb,Terroxy Price Guide 03.12.24.pdf,Subset from visible parsed pages only,34.75,FOB Garden Grove
T&M Supply,Plate Glass (ASG),#2,glass,recycled_aggregate,bag or lb,Terroxy Price Guide 03.12.24.pdf,Subset from visible parsed pages only,34.75,FOB Garden Grove
T&M Supply,Plate Glass (SM),#0,glass,recycled_aggregate,bag or lb,Terroxy Price Guide 03.12.24.pdf,,,
T&M Supply,Plate Glass (SM),#1,glass,recycled_aggregate,bag or lb,Terroxy Price Guide 03.12.24.pdf,,,
T&M Supply,Plate Glass (SM),#2,glass,recycled_aggregate,bag or lb,Terroxy Price Guide 03.12.24.pdf,,,
T&M Supply,Polar White,#0,glass,recycled_aggregate,bag or lb,Terroxy Price Guide 03.12.24.pdf,,,
T&M Supply,Polar White,#1,glass,recycled_aggregate,bag or lb,Terroxy Price Guide 03.12.24.pdf,,,
T&M Supply,Polar White,#2,glass,recycled_aggregate,bag or lb,Terroxy Price Guide 03.12.24.pdf,,,
T&M Supply,Pool Mix,Pool Mix,filler,fines,50lb bag,Terroxy Price Guide 03.12.24.pdf,,,
T&M Supply,Porcelain (UC),#0,glass,recycled_aggregate,bag or lb,Terroxy Price Guide 03.12.24.pdf,,,
T&M Supply,Porcelain (UC),#1,glass,recycled_aggregate,bag or lb,Terroxy Price Guide 03.12.24.pdf,,,
T&M Supply,Porcelain (UC),#2,glass,recycled_aggregate,bag or lb,Terroxy Price Guide 03.12.24.pdf,,,
T&M Supply,Pure White,#0,marble,turkish_aggregate,50lb bag,Terroxy Price Guide 03.12.24.pdf,,,
T&M Supply,Pure White,#1,marble,turkish_aggregate,50lb bag,Terroxy Price Guide 03.12.24.pdf,,,
T&M Supply,Pure White,#2,marble,turkish_aggregate,50lb bag,Terroxy Price Guide 03.12.24.pdf,,,
T&M Supply,Rebel Grey,#0,marble,aggregate,50lb bag,Terroxy Price Guide 03.12.24.pdf,,,
T&M Supply,Rebel Grey,#1,marble,aggregate,50lb bag,Terroxy Price Guide 03.12.24.pdf,,,
T&M Supply,Rebel Grey,#2,marble,aggregate,50lb bag,Terroxy Price Guide 03.12.24.pdf,,,
T&M Supply,Red Opal,#1,glass,art_glass,50lb bag,Terroxy Price Guide 03.12.24.pdf,,,
T&M Supply,Relish,#1,glass,art_glass,50lb bag,Terroxy Price Guide 03.12.24.pdf,,,
T&M Supply,Sage Green,#0,marble,turkish_aggregate,50lb bag,Terroxy Price Guide 03.12.24.pdf,,,
T&M Supply,Sage Green,#1,marble,turkish_aggregate,50lb bag,Terroxy Price Guide 03.12.24.pdf,,,
T&M Supply,Sage Green,#2,marble,turkish_aggregate,50lb bag,Terroxy Price Guide 03.12.24.pdf,,,
T&M Supply,Salmon,#0,marble,aggregate,50lb bag,Terroxy Price Guide 03.12.24.pdf,,,
T&M Supply,Salmon,#1,marble,aggregate,50lb bag,Terroxy Price Guide 03.12.24.pdf,,,
T&M Supply,Salmon,#2,marble,aggregate,50lb bag,Terroxy Price Guide 03.12.24.pdf,,,
T&M Supply,Sea Kelp,#1,glass,art_glass,50lb bag,Terroxy Price Guide 03.12.24.pdf,,,
T&M Supply,Shamrock,#0,glass,recycled_aggregate,bag or lb,Terroxy Price Guide 03.12.24.pdf,,,
T&M Supply,Shamrock,#1,glass,recycled_aggregate,bag or lb,Terroxy Price Guide 03.12.24.pdf,,,
T&M Supply,Shamrock,#2,glass,recycled_aggregate,bag or lb,Terroxy Price Guide 03.12.24.pdf,,,
T&M Supply,Sierra White,#0,marble,aggregate,50lb bag,Terroxy Price Guide 03.12.24.pdf,,,
T&M Supply,Sierra White,#1,marble,aggregate,50lb bag,Terroxy Price Guide 03.12.24.pdf,,,
T&M Supply,Sierra White,#2,marble,aggregate,50lb bag,Terroxy Price Guide 03.12.24.pdf,,,
T&M Supply,Sky Blue,#0,glass,recycled_aggregate,bag or lb,Terroxy Price Guide 03.12.24.pdf,,,
T&M Supply,Sky Blue,#1,glass,recycled_aggregate,bag or lb,Terroxy Price Guide 03.12.24.pdf,,,
T&M Supply,Sky Blue,#2,glass,recycled_aggregate,bag or lb,Terroxy Price Guide 03.12.24.pdf,,,
T&M Supply,Smoke Gray,#0,glass,recycled_aggregate,bag or lb,Terroxy Price Guide 03.12.24.pdf,,,
T&M Supply,Smoke Gray,#1,glass,recycled_aggregate,bag or lb,Terroxy Price Guide 03.12.24.pdf,,,
T&M Supply,Smoke Gray,#2,glass,recycled_aggregate,bag or lb,Terroxy Price Guide 03.12.24.pdf,,,
T&M Supply,Smokey Grey,#0,marble,turkish_aggregate,50lb bag,Terroxy Price Guide 03.12.24.pdf,,,
T&M Supply,Smokey Grey,#1,marble,turkish_aggregate,50lb bag,Terroxy Price Guide 03.12.24.pdf,,,
T&M Supply,Smokey Grey,#2,marble,turkish_aggregate,50lb bag,Terroxy Price Guide 03.12.24.pdf,,,
T&M Supply,SoCal One-Sided Mirror,#0,glass,recycled_aggregate,bag or lb,Terroxy Price Guide 03.12.24.pdf,,,
T&M Supply,SoCal One-Sided Mirror,#1,glass,recycled_aggregate,bag or lb,Terroxy Price Guide 03.12.24.pdf,,,
T&M Supply,SoCal One-Sided Mirror,#2,glass,recycled_aggregate,bag or lb,Terroxy Price Guide 03.12.24.pdf,,,
T&M Supply,Southern MOP,#0,specialty,imported_aggregate,50lb bag,Terroxy Price Guide 03.12.24.pdf,Subset from visible parsed pages only,56.5,bag price
T&M Supply,Southern MOP,#1,specialty,imported_aggregate,50lb bag,Terroxy Price Guide 03.12.24.pdf,Subset from visible parsed pages only,56.5,bag price
T&M Supply,Southern MOP,#2,specialty,imported_aggregate,50lb bag,Terroxy Price Guide 03.12.24.pdf,Subset from visible parsed pages only,56.5,bag price
T&M Supply,Stormy Black,#0,marble,aggregate,50lb bag,Terroxy Price Guide 03.12.24.pdf,,,
T&M Supply,Stormy Black,#1,marble,aggregate,50lb bag,Terroxy Price Guide 03.12.24.pdf,,,
T&M Supply,Stormy Black,#2,marble,aggregate,50lb bag,Terroxy Price Guide 03.12.24.pdf,,,
T&M Supply,Sunflower Yellow,#0,marble,turkish_aggregate,50lb bag,Terroxy Price Guide 03.12.24.pdf,,,
T&M Supply,Sunflower Yellow,#1,marble,turkish_aggregate,50lb bag,Terroxy Price Guide 03.12.24.pdf,,,
T&M Supply,Sunflower Yellow,#2,marble,turkish_aggregate,50lb bag,Terroxy Price Guide 03.12.24.pdf,,,
T&M Supply,TM Fill Aggregate - Medium Grit,Medium Grit,filler,fill_aggregate,50lb bag,Terroxy Price Guide 03.12.24.pdf,,,
T&M Supply,TM Fill Aggregate - Small Grit,Small Grit,filler,fill_aggregate,50lb bag,Terroxy Price Guide 03.12.24.pdf,,,
T&M Supply,Texas Black,#0,marble,aggregate,50lb bag,Terroxy Price Guide 03.12.24.pdf,,,
T&M Supply,Texas Black,#1,marble,aggregate,50lb bag,Terroxy Price Guide 03.12.24.pdf,,,
T&M Supply,Texas Black,#2,marble,aggregate,50lb bag,Terroxy Price Guide 03.12.24.pdf,,,
T&M Supply,Texas Blue,#0,marble,aggregate,50lb bag,Terroxy Price Guide 03.12.24.pdf,,,
T&M Supply,Texas Blue,#1,marble,aggregate,50lb bag,Terroxy Price Guide 03.12.24.pdf,,,
T&M Supply,Texas Blue,#2,marble,aggregate,50lb bag,Terroxy Price Guide 03.12.24.pdf,,,
T&M Supply,Texas Dark Cedar,#0,marble,aggregate,50lb bag,Terroxy Price Guide 03.12.24.pdf,,,
T&M Supply,Texas Dark Cedar,#1,marble,aggregate,50lb bag,Terroxy Price Guide 03.12.24.pdf,,,
T&M Supply,Texas Dark Cedar,#2,marble,aggregate,50lb bag,Terroxy Price Guide 03.12.24.pdf,,,
T&M Supply,Tiara Blue,#0,glass,recycled_aggregate,bag or lb,Terroxy Price Guide 03.12.24.pdf,,,
T&M Supply,Tiara Blue,#1,glass,recycled_aggregate,bag or lb,Terroxy Price Guide 03.12.24.pdf,,,
T&M Supply,Tiara Blue,#2,glass,recycled_aggregate,bag or lb,Terroxy Price Guide 03.12.24.pdf,,,
T&M Supply,Toros Siyah,#0,marble,turkish_aggregate,50lb bag,Terroxy Price Guide 03.12.24.pdf,,,
T&M Supply,Toros Siyah,#1,marble,turkish_aggregate,50lb bag,Terroxy Price Guide 03.12.24.pdf,,,
T&M Supply,Toros Siyah,#2,marble,turkish_aggregate,50lb bag,Terroxy Price Guide 03.12.24.pdf,,,
T&M Supply,Trout Stream,#1,glass,art_glass,50lb bag,Terroxy Price Guide 03.12.24.pdf,,,
T&M Supply,True Grey,#0,marble,aggregate,50lb bag,Terroxy Price Guide 03.12.24.pdf,,,
T&M Supply,True Grey,#1,marble,aggregate,50lb bag,Terroxy Price Guide 03.12.24.pdf,,,
T&M Supply,True Grey,#2,marble,aggregate,50lb bag,Terroxy Price Guide 03.12.24.pdf,,,
T&M Supply,Tuscan Cider,#0,marble,aggregate,50lb bag,Terroxy Price Guide 03.12.24.pdf,,,
T&M Supply,Tuscan Cider,#1,marble,aggregate,50lb bag,Terroxy Price Guide 03.12.24.pdf,,,
T&M Supply,Tuscan Cider,#2,marble,aggregate,50lb bag,Terroxy Price Guide 03.12.24.pdf,,,
T&M Supply,Valders,#0,marble,aggregate,50lb bag,Terroxy Price Guide 03.12.24.pdf,,,
T&M Supply,Valders,#1,marble,aggregate,50lb bag,Terroxy Price Guide 03.12.24.pdf,,,
T&M Supply,Valders,#2,marble,aggregate,50lb bag,Terroxy Price Guide 03.12.24.pdf,,,
T&M Supply,Verde Antique,#0,marble,aggregate,50lb bag,Terroxy Price Guide 03.12.24.pdf,,,
T&M Supply,Verde Antique,#1,marble,aggregate,50lb bag,Terroxy Price Guide 03.12.24.pdf,,,
T&M Supply,Verde Antique,#2,marble,aggregate,50lb bag,Terroxy Price Guide 03.12.24.pdf,,,
T&M Supply,Vical 3005,3005,filler,fines,50lb bag,Terroxy Price Guide 03.12.24.pdf,,,
T&M Supply,Wedgewood Blue,#1,glass,art_glass,50lb bag,Terroxy Price Guide 03.12.24.pdf,,,